小区名称,地址,参考价格,建筑类型,物业费用,物业公司,开发商,楼栋总数,房屋总数
怡景园,(汉台区汉台区)学会巷怡景园,当前网页找不到元素（价格）,板楼/塔板结合/平房,0.25至10元/平米/月,无物业管理服务,李顺记营造厂,7栋,305户
中园城,(南郑区南郑区)油坊街290号,当前网页找不到元素（价格）,板楼,0.45元/平米/月,暂无信息,开发区建设集团建设开发分公司开发,13栋,457户
锦桥园小区,(汉台区汉台区)东一环路锦桥园小区,当前网页找不到元素（价格）,板楼/塔板结合,0.35至0.8元/平米/月,暂无信息, 重庆汇东房地产开发有限公司,5栋,156户
兴汉小区,(汉台区汉台区)华阳路59号,当前网页找不到元素（价格）,板楼/塔板结合,0.3至0.6元/平米/月,鼎峰物业,天津禹洲兴汉房地产开发有限公司,12栋,659户
东方小区,(南郑区南郑区)康家营巷东方小区,当前网页找不到元素（价格）,板楼,0.5元/平米/月,民乐花园小区物业,开发区建设集团建设开发分公司开发,14栋,620户
鸿海苑,(南郑区南郑区)艺苑路鸿海苑,当前网页找不到元素（价格）,板楼,0.45至4.5元/平米/月,汉中和顺物业公司,开发区建设集团建设开发分公司开发,11栋,430户
汉中供电局家属住宅区,(汉台区汉台区)供电大道汉中供电局家属住宅区,当前网页找不到元素（价格）,板楼/塔板结合,0.5元/平米/月,供电局物业公司, 陕西亿润经贸有限公司 ,15栋,476户
世纪园小区,(汉台区汉台区)供电大道世纪园小区,当前网页找不到元素（价格）,板楼/塔板结合,0.3至3.5元/平米/月,合欣物业,诸暨祥生祥鹏置业有限公司,12栋,524户
汉中市汉台区盐业管理局家属院,(汉台区汉台区)北团结街215号,当前网页找不到元素（价格）,板楼,0.4元/平米/月,无物业管理服务,无,2栋,96户
青公寓,(汉台区汉台区)青龙路77号,当前网页找不到元素（价格）,板楼,0.4元/平米/月,暂无信息,包头市广建东方明城置业有限公司,1栋,41户
广建晨昕怡园小区,(南郑区南郑区)艺苑路广建晨昕怡园小区,当前网页找不到元素（价格）,板楼,0.9至1.2元/平米/月,自持物业,开发区建设集团建设开发分公司开发,4栋,323户
东城房地产开发有限公司三号小区,(汉台区汉台区)莲湖路东城房地产开发有限公司三号小区,当前网页找不到元素（价格）,板楼,0.35至0.6元/平米/月,无物业管理服务,金辉地产,6栋,376户
桂花园小区,(汉台区汉台区)西一环路781号,当前网页找不到元素（价格）,板楼,0.45元/平米/月,莲湖房地产开发有限公司,宁波绿城桂花园房地产开发有限公司,3栋,210户
暄和园小区,(南郑区南郑区)渔营路暄和园小区,当前网页找不到元素（价格）,板楼,0.45元/平米/月,汉中温馨物业服务有限公司,山西恒利轩投资有限公司,6栋,140户
虎桥小区,(汉台区汉台区)聚春巷72号,当前网页找不到元素（价格）,板楼,0.5元/平米/月,虎桥小区物业,航东地产,3栋,143户
新华小区,(南郑区南郑区)新华路2号,当前网页找不到元素（价格）,塔楼/板楼,0.4至0.45元/平米/月,暂无信息,牡丹江裕华园置业开发有限公司,8栋,351户
诗@,(南郑区南郑区)油坊街诗@,当前网页找不到元素（价格）,板楼,0.45元/平米/月,佳苑物业,北京艺苑房地产开发公司,9栋,330户
国税局家属院,(汉台区汉台区)西环路国税局家属院,当前网页找不到元素（价格）,塔板结合,0.3元/平米/月,暂无信息,暂无信息,1栋,66户
兴达三号小区,(汉台区汉台区)蓬湖东路兴达三号小区,当前网页找不到元素（价格）,板楼,0.35元/平米/月,汉丰小区物业,广东碧桂园物业服务股份有限公司洛阳分公司1,3栋,160户
天燕小区,(汉台区汉台区)邮电西巷天燕小区,当前网页找不到元素（价格）,板楼,0.1至0.5元/平米/月,暂无信息,汉中北辰置业有限公司,7栋,341户
锦园聚春园,(汉台区汉台区)虎头桥路辅路锦园聚春园,当前网页找不到元素（价格）,板楼/塔板结合,0.5至1元/平米/月,汉中和顺物业公司,汉中市中辉实业开发有限公司,10栋,356户
长青小区,(汉台区汉台区)聚春巷99号,当前网页找不到元素（价格）,板楼,0.5元/平米/月,长青物业,陕西阳光集团,3栋,157户
站前路小区,(汉台区汉台区)站前路小区,当前网页找不到元素（价格）,板楼/塔板结合,0.2至4元/平米/月,无物业管理服务,无开发商,11栋,457户
太白路搬迁楼,(汉台区汉台区)太白路搬迁楼,当前网页找不到元素（价格）,板楼,0.4元/平米/月,暂无信息,汉中市中辉实业开发有限公司,1栋,48户
蓝馨苑,(汉台区汉台区)站前路蓝馨苑,当前网页找不到元素（价格）,板楼,0.35元/平米/月,和谐阳光,明珠居委开发,3栋,118户
菊园小区,(南郑区南郑区)将军巷菊园小区,当前网页找不到元素（价格）,板楼,0.45元/平米/月,润吉物业,开发区建设集团建设开发分公司开发,15栋,564户
汉前小区,(汉台区汉台区)兴汉路汉前小区,当前网页找不到元素（价格）,板楼/平房,0.3至1元/平米/月,无物业管理服务,无,10栋,332户
汉江春晓小区,(南郑区南郑区)汉山路汉江春晓小区,当前网页找不到元素（价格）,板楼,0.45元/平米/月,合欣物业,襄阳汉江恒玖地产有限责任公司,4栋,118户
汉江建材开发公司明珠路小区,(汉台区汉台区)康复路汉江建材开发公司明珠路小区,当前网页找不到元素（价格）,板楼,0.2至1元/平米/月,绿都置业, 陕西亿润经贸有限公司 ,11栋,391户
北苑小区家园,(汉台区汉台区)梁州路北苑小区家园,当前网页找不到元素（价格）,板楼/塔板结合/平房,0.15至0.5元/平米/月,仁和物业,诸暨祥生祥鹏置业有限公司,11栋,461户
凤栖小区,(汉台区汉台区)站前路9-10号,当前网页找不到元素（价格）,板楼/塔板结合/平房,0.3至0.5元/平米/月,无,无,5栋,250户
兴汉路住宅小区,(汉台区汉台区)兴汉路住宅小区,当前网页找不到元素（价格）,板楼,0.35至0.4元/平米/月,汉中泽伟房物业,汉中北辰置业有限公司,3栋,102户
望江路啤酒厂家属院,(汉台区汉台区)望江路1045号,当前网页找不到元素（价格）,板楼,0.3至0.35元/平米/月,无物业管理服务,诸暨祥生祥合置业有限公司,4栋,222户
椰岛广场,(汉台区汉台区)椰岛东巷椰岛广场,当前网页找不到元素（价格）,板楼,0.8元/平米/月,无物业管理服务,海南椰岛房地产开发有限公司,2栋,37户
东兴大厦小区,(汉台区汉台区)兴汉路东兴大厦小区,当前网页找不到元素（价格）,板楼,0.33元/平米/月,暂无信息,绿地控股集团杭州东城房地产开发有限公司,1栋,47户
林产品公司家属院,(汉台区汉台区)兴汉路3号,当前网页找不到元素（价格）,板楼/塔板结合,0.4元/平米/月,暂无信息,暂无信息,3栋,67户
秦峰小区,(汉台区汉台区)东塔南路秦峰小区,当前网页找不到元素（价格）,板楼/塔板结合,0.35至0.5元/平米/月,西安臻誉物业, 五指山水墨雨林置业有限公司,6栋,89户
公路段家属楼,(南郑区南郑区)劳动南路公路段家属楼,当前网页找不到元素（价格）,板楼,2.5元/平米/月,暂无信息,汉中北辰置业有限公司,1栋,30户
金枫苑,(南郑区南郑区)天汉大道380号,当前网页找不到元素（价格）,塔板结合,1元/平米/月,暂无信息,赵陵铺赵二街村民委员会,1栋,36户
团结二区,(汉台区汉台区)南团结街团结二区,当前网页找不到元素（价格）,板楼,0.35至0.5元/平米/月,圣华物业,武汉团结房地产开发有限责任公司,4栋,168户
东城房产公司一号小区,(汉台区汉台区)莲湖路东城房产公司一号小区,当前网页找不到元素（价格）,板楼,0.4元/平米/月,暂无信息,暂无信息,5栋,282户
汉城公馆,(南郑区南郑区)南郑大道汉城公馆,当前网页找不到元素（价格）,板楼,0.45至0.5元/平米/月,暂无,开发区建设集团建设开发分公司开发,6栋,251户
市检察家属院,(汉台区汉台区)将坛中路81号,当前网页找不到元素（价格）,板楼/塔板结合,0.3元/平米/月,自持物业,河南十建建设工程有限公司,4栋,75户
黄家塘什字小区,(汉台区汉台区)天台路黄家塘什字小区,当前网页找不到元素（价格）,板楼/塔板结合,0.3元/平米/月,暂无信息,中新房建设投资有限公司,5栋,92户
九街坊居民小区,(汉台区汉台区)人民巷九街坊居民小区,当前网页找不到元素（价格）,板楼,0.3元/平米/月,暂无信息,无开发商,10栋,451户
幸福嘉苑B区,(南郑区南郑区)南郑大道幸福嘉苑B区,当前网页找不到元素（价格）,塔板结合,0.5元/平米/月,暂无信息,暂无信息,3栋,4户
佳艺大厦,(南郑区南郑区)艺苑路佳艺大厦,当前网页找不到元素（价格）,板楼,0.5元/平米/月,佳苑物业,暂无信息,1栋,26户
北城新苑,(汉台区汉台区)汉武路北城新苑,当前网页找不到元素（价格）,塔楼/板楼/塔板结合,0.45元/平米/月,汉中和顺物业有限公司,北业集团,6栋,438户
教小^,(汉台区汉台区)米仓路91号,当前网页找不到元素（价格）,板楼/塔板结合,暂无信息,无物业管理服务,金辉集团,3栋,140户
朝阳小区,(汉台区汉台区)莲湖东路朝阳小区,当前网页找不到元素（价格）,板楼/平房,0.3至0.4元/平米/月,仁和物业, 重庆桥达茂宸房地产开发有限公司,10栋,511户
中鼎小区,(汉台区汉台区)天台路570号,当前网页找不到元素（价格）,平房,0.3元/平米/月,暂无信息,暂无信息,1栋,60户
广厦小区,(汉台区汉台区)东塔南路45号,当前网页找不到元素（价格）,板楼,0.35至0.8元/平米/月,陕西广厦集团发展有限公司,北京广厦富城置业有限公司,10栋,329户
汉中市七中家属院,(汉台区汉台区)建宁巷汉中市七中家属院,当前网页找不到元素（价格）,板楼,0.5元/平米/月,暂无信息,暂无信息,1栋,72户
金鑫三小区,(洋县洋县)文明路332号,当前网页找不到元素（价格）,未知类型,暂无信息,暂无信息,暂无信息,4栋,190户
文明小区东区,(汉台区汉台区)汉前中巷文明小区东区,当前网页找不到元素（价格）,板楼,0.35至0.4元/平米/月,丽景物业,无开发商,8栋,281户
湖小^,(汉台区汉台区)莲湖东路71号,当前网页找不到元素（价格）,板楼/塔板结合,0.35至1.2元/平米/月,暂无信息, 陕西亿润经贸有限公司 ,4栋,187户
丰苑小区,(汉台区汉台区)汉丰路100号,当前网页找不到元素（价格）,板楼,0.39元/平米/月,陕西丰辉房地产开发有限公司, 陕西亿润经贸有限公司 ,2栋,54户
嘉祥小区,(汉台区汉台区)莲湖路162号,当前网页找不到元素（价格）,板楼/塔板结合,0.3至0.9元/平米/月,万佳物业,四川省聚丰房地产开发有限责任公司1,3栋,150户
江南花园,(南郑区南郑区)天汉大道58号,当前网页找不到元素（价格）,板楼,0.45元/平米/月,圣水江南物业,南宫市江南置业有限公司,6栋,207户
新星家园,(汉台区汉台区)西环路新星家园,当前网页找不到元素（价格）,板楼,0.3至1元/平米/月,青龙物业管理,北银置业有限公司,5栋,317户
惠民小区,(汉台区汉台区)青龙路惠民小区,当前网页找不到元素（价格）,板楼/塔板结合,0.5元/平米/月,熠东房地产,上海中静房地产发展有限公司；中华企业股份有限公司,7栋,510户
丰苑小区,(汉台区汉台区)汉丰路100号,当前网页找不到元素（价格）,板楼,0.39元/平米/月,陕西丰辉房地产开发有限公司, 陕西亿润经贸有限公司 ,2栋,54户
朝阳新世纪,(南郑区南郑区)天汉大道朝阳新世纪,当前网页找不到元素（价格）,塔楼,0.9元/平米/月,朝阳物业,开发区建设集团建设开发分公司开发,1栋,50户
朝阳小区,(汉台区汉台区)莲湖东路朝阳小区,当前网页找不到元素（价格）,板楼/平房,0.3至0.4元/平米/月,仁和物业, 重庆桥达茂宸房地产开发有限公司,10栋,511户
中鼎小区,(汉台区汉台区)天台路570号,当前网页找不到元素（价格）,平房,0.3元/平米/月,暂无信息,暂无信息,1栋,60户
汉中工商分行家属院,(汉台区汉台区)人民路汉中工商分行家属院,当前网页找不到元素（价格）,板楼,0.38至0.5元/平米/月,新华书店小区,集资房,4栋,122户
汉中市七中家属院,(汉台区汉台区)建宁巷汉中市七中家属院,当前网页找不到元素（价格）,板楼,0.5元/平米/月,暂无信息,暂无信息,1栋,72户
邮电小区,(汉台区汉台区)梁州路1305号,当前网页找不到元素（价格）,板楼/塔板结合,0.3至0.8元/平米/月,自持物业,上海中邮置业有限责任公司,10栋,329户
中央储备粮汉中直属库家属院,(汉台区汉台区)青龙路224号,当前网页找不到元素（价格）,板楼,0.5元/平米/月,暂无信息, 嘉兴世茂新世纪置业有限公司,2栋,82户
学府花园(西乡县),(西乡县西乡县)樱花三路学府花园,当前网页找不到元素（价格）,未知类型,暂无信息,暂无信息,暂无信息,7栋,672户
鑫城铭居,(南郑区南郑区)幸福路鑫城铭居,当前网页找不到元素（价格）,板楼,0.3元/平米/月,暂无信息,暂无信息,2栋,72户
东和春天,(西乡县西乡县)东一路东和春天,当前网页找不到元素（价格）,未知类型,暂无信息,暂无信息,暂无信息,26栋,3119户
金鑫三小区,(洋县洋县)文明路332号,当前网页找不到元素（价格）,未知类型,暂无信息,暂无信息,暂无信息,4栋,190户
二百司家属院,(汉台区汉台区)王家巷2号,当前网页找不到元素（价格）,塔板结合,0.4元/平米/月,暂无信息,暂无信息,1栋,30户
汉城公馆,(南郑区南郑区)南郑大道汉城公馆,当前网页找不到元素（价格）,板楼,0.45至0.5元/平米/月,暂无,开发区建设集团建设开发分公司开发,6栋,251户
粮食局住宅楼,(略阳县略阳县)狮凤北路粮食局住宅楼,当前网页找不到元素（价格）,未知类型,暂无信息,暂无信息,暂无信息,1栋,1户
乐城雅居,(城固县城固县)钟楼街26号,当前网页找不到元素（价格）,未知类型,暂无信息,暂无信息,暂无信息,2栋,37户
鸿福花园,(勉县勉县)武侯北路鸿福花园,当前网页找不到元素（价格）,未知类型,暂无信息,暂无信息,暂无信息,7栋,246户
军山名居,(勉县勉县)翠园路军山名居,当前网页找不到元素（价格）,未知类型,暂无信息,暂无信息,暂无信息,3栋,51户
勉县中央美墅小区,(勉县勉县)翠园路勉县中央美墅小区,当前网页找不到元素（价格）,未知类型,暂无信息,暂无信息,暂无信息,4栋,3户
鑫海朝阳小区,(城固县城固县)南一路鑫海朝阳小区,当前网页找不到元素（价格）,未知类型,暂无信息,暂无信息,暂无信息,6栋,171户
狮凤小区,(略阳县略阳县)狮凤路2号,当前网页找不到元素（价格）,未知类型,暂无信息,暂无信息,暂无信息,4栋,150户
缙颐国际星城,(勉县勉县)武侯北路缙颐国际星城,当前网页找不到元素（价格）,未知类型,暂无信息,暂无信息,暂无信息,17栋,1711户
港湾丽景,(镇巴县镇巴县)河滨北路港湾丽景,当前网页找不到元素（价格）,未知类型,暂无信息,暂无信息,暂无信息,4栋,152户
碧水名居,(勉县勉县)田园路碧水名居,当前网页找不到元素（价格）,未知类型,暂无信息,暂无信息,暂无信息,9栋,540户
粮油机械家属院,(汉台区汉台区)虎头桥路粮油公司家属院,当前网页找不到元素（价格）,板楼/平房,0.4至0.5元/平米/月,暂无信息,无开发商,3栋,117户
昌海悠然居,(汉台区汉台区)王观营巷昌海悠然居,当前网页找不到元素（价格）,板楼,0.35元/平米/月,陕西丰辉房地产开发有限公司,万业集团,1栋,28户
团结三区,(汉台区汉台区)南团结街团结三区,当前网页找不到元素（价格）,塔板结合,0.5元/平米/月,暂无信息,广东碧桂园物业服务股份有限公司洛阳分公司1,1栋,80户
汉航集团公司家属区,(汉台区汉台区)劳动东路33号,当前网页找不到元素（价格）,板楼/塔板结合,0.6至0.9元/平米/月,暂无信息,集资房,6栋,142户
友爱路自来水公司家属院,(汉台区汉台区)友爱路18号,当前网页找不到元素（价格）,板楼,0.5元/平米/月,无物业管理服务, 陕西亿润经贸有限公司 ,1栋,36户
风景路,(汉台区汉台区)风景路,当前网页找不到元素（价格）,板楼/平房,暂无信息,暂无信息,陕西国润集团,4栋,8户
南郑县供电分公司家属院,(南郑区南郑区)梁山路南郑县供电分公司家属院,当前网页找不到元素（价格）,塔楼/板楼,0.6至1元/平米/月,汉中中学家属院物业,家化集团,3栋,151户
大河坎中国银行家属院,(南郑区南郑区)龙岗中路大河坎中国银行家属院,当前网页找不到元素（价格）,塔板结合,0.45元/平米/月,暂无信息,汉中市中辉实业开发有限公司,1栋,20户
交通巷住宅楼,(汉台区汉台区)西环路交通巷住宅楼,当前网页找不到元素（价格）,板楼,暂无信息,圣元物业,市政开发,1栋,49户
汉江印务家属院,(汉台区汉台区)兴汉路汉江印务家属院,当前网页找不到元素（价格）,塔板结合,0.3元/平米/月,暂无信息,暂无信息,1栋,36户
东辉小区,(汉台区汉台区)望江路68号,当前网页找不到元素（价格）,板楼/塔板结合,0.4至5元/平米/月,暂无信息,东辉宇诚（北京）置业有限公司,2栋,54户
工商银行汉台区支行家属院,(汉台区汉台区)前进路工商银行汉台区支行家属院,当前网页找不到元素（价格）,板楼,0.25元/平米/月,暂无信息,暂无信息,1栋,49户
市医院家属院,(汉台区汉台区)西大街98号,当前网页找不到元素（价格）,板楼/塔板结合/平房,0.2元/平米/月,暂无信息,暂无信息,6栋,19户
陕西十建集团家属院,(汉台区汉台区)民主街陕西十建集团家属院,当前网页找不到元素（价格）,板楼,0.7元/平米/月,汉中市金隆房地产开发有限公司,陕西昊伟地产,1栋,49户
东湖小区,(汉台区汉台区)南团结街164号,当前网页找不到元素（价格）,板楼,0.3至0.6元/平米/月,宏图物业, 陕西亿润经贸有限公司 ,6栋,238户
汉中市建筑勘察设计研究院家属院,(汉台区汉台区)太白路2号,当前网页找不到元素（价格）,塔楼/板楼,0.5至0.8元/平米/月,堂宏百年物业,城房集团,2栋,44户
汉中前进路小区,(汉台区汉台区)前进路汉中前进路小区,当前网页找不到元素（价格）,塔板结合,0.5元/平米/月,暂无信息,暂无信息,4栋,132户
针织厂家属院,(汉台区汉台区)人民北巷针织厂家属院,当前网页找不到元素（价格）,板楼,0.4元/平米/月,暂无信息,暂无信息,2栋,66户
陕理工一村,(汉台区汉台区)前进路陕理工一村,当前网页找不到元素（价格）,板楼,0.4元/平米/月,暂无信息,暂无信息,7栋,454户
陕西省生物制品研究所家属院,(汉台区汉台区)天台路陕西省生物制品研究所家属院,当前网页找不到元素（价格）,板楼,0.4元/平米/月,暂无信息,暂无信息,3栋,62户
汉台区粮食局家属院,(汉台区汉台区)北一环路道南小区,当前网页找不到元素（价格）,板楼,0.4元/平米/月,暂无信息,暂无信息,2栋,25户
荣都华府,(南郑区南郑区)新华巷荣都华府,当前网页找不到元素（价格）,塔板结合,0.8元/平米/月,暂无信息,暂无信息,1栋,124户
市教研室家属院,(汉台区汉台区)东建设巷市教研室家属院,当前网页找不到元素（价格）,塔板结合,暂无信息,金碧物业,高建物业,1栋,42户
万目仪电公司住宅楼,(汉台区汉台区)民主街149号,当前网页找不到元素（价格）,板楼,0.4元/平米/月,暂无信息,暂无信息,6栋,131户
汉中一零一航空电子设备有限公司家属院,(南郑区南郑区)迎宾路18号,当前网页找不到元素（价格）,板楼,0.45元/平米/月,暂无信息,暂无信息,11栋,520户
油脂厂宿舍,(南郑区南郑区)汉山路油脂厂宿舍,当前网页找不到元素（价格）,板楼,0.3元/平米/月,暂无信息,暂无信息,2栋,37户
金隆小区,(南郑区南郑区)汉山路金隆小区,当前网页找不到元素（价格）,板楼,0.33元/平米/月,汉中市金隆房地产开发有限公司, 陕西亿润经贸有限公司 ,1栋,54户
法庭家属院,(南郑区南郑区)康家营巷法庭家属院,当前网页找不到元素（价格）,板楼,0.5元/平米/月,暂无信息,开发区建设集团建设开发分公司开发,1栋,42户
黄家塘新村住宅小区,(汉台区汉台区)前进东路黄家塘新村住宅小区,当前网页找不到元素（价格）,板楼/塔板结合/平房,0.3至6.6元/平米/月,无物业管理服务,黄家投资控股有限公司,9栋,337户
新桥台联小区,(汉台区汉台区)兴汉路新桥台联小区,当前网页找不到元素（价格）,板楼/塔板结合/平房,0.25至0.3元/平米/月,汉宁物业,汉华置业,3栋,98户
汉王镇家属院,(汉台区汉台区)老虎巷汉王镇家属院,当前网页找不到元素（价格）,板楼/塔板结合,0.5元/平米/月,暂无信息,无开发商,2栋,61户
航院新村,(汉台区汉台区)陈仓路航院新村,当前网页找不到元素（价格）,塔楼/板楼/塔板结合,0.5至1元/平米/月,仁和物业,暂无信息,7栋,324户
晶都苑,(汉台区汉台区)青龙路晶都苑,当前网页找不到元素（价格）,板楼,0.3元/平米/月,暂无信息,暂无信息,1栋,1户
农校家属院,(汉台区汉台区)朝阳南路农校家属院,当前网页找不到元素（价格）,板楼,0.3元/平米/月,汉中新天汉物业管理公司,汉中北辰置业有限公司,2栋,109户
市卫生局家属院,(汉台区汉台区)益汉路23号,当前网页找不到元素（价格）,板楼/平房,0.3至0.4元/平米/月,无物业管理服务,汉中北辰置业有限公司,3栋,65户
陕西省生物制品研究所家属院,(汉台区汉台区)天台路陕西省生物制品研究所家属院,当前网页找不到元素（价格）,板楼,0.4元/平米/月,暂无信息,暂无信息,3栋,62户
汉台区粮食局家属院,(汉台区汉台区)北一环路道南小区,当前网页找不到元素（价格）,板楼,0.4元/平米/月,暂无信息,暂无信息,2栋,25户
荣都华府,(南郑区南郑区)新华巷荣都华府,当前网页找不到元素（价格）,塔板结合,0.8元/平米/月,暂无信息,暂无信息,1栋,124户
市卫生局家属院,(汉台区汉台区)益汉路23号,当前网页找不到元素（价格）,板楼/平房,0.3至0.4元/平米/月,无物业管理服务,汉中北辰置业有限公司,3栋,65户
工商银行汉台区支行家属院,(汉台区汉台区)前进路工商银行汉台区支行家属院,当前网页找不到元素（价格）,板楼,0.25元/平米/月,暂无信息,暂无信息,1栋,49户
农校家属院,(汉台区汉台区)朝阳南路农校家属院,当前网页找不到元素（价格）,板楼,0.3元/平米/月,汉中新天汉物业管理公司,汉中北辰置业有限公司,2栋,109户
金隆小区,(南郑区南郑区)汉山路金隆小区,当前网页找不到元素（价格）,板楼,0.33元/平米/月,汉中市金隆房地产开发有限公司, 陕西亿润经贸有限公司 ,1栋,54户
兴汉大厦住宅楼,(汉台区汉台区)天台路兴汉大厦住宅楼,当前网页找不到元素（价格）,板楼,0.3元/平米/月,无,兴益,1栋,44户
汉王镇家属院,(汉台区汉台区)老虎巷汉王镇家属院,当前网页找不到元素（价格）,板楼/塔板结合,0.5元/平米/月,暂无信息,无开发商,2栋,61户
粮油机械家属院,(汉台区汉台区)虎头桥路粮油公司家属院,当前网页找不到元素（价格）,板楼/平房,0.4至0.5元/平米/月,暂无信息,无开发商,3栋,117户
东府商厦,(汉台区汉台区)南团结街200号,当前网页找不到元素（价格）,塔板结合,0.5元/平米/月,熠东房地产,廖创兴集团,1栋,35户
惠民小区,(汉台区汉台区)青龙路惠民小区,当前网页找不到元素（价格）,板楼/塔板结合,0.5元/平米/月,熠东房地产,上海中静房地产发展有限公司；中华企业股份有限公司,7栋,510户
文明小区东区,(汉台区汉台区)汉前中巷文明小区东区,当前网页找不到元素（价格）,板楼,0.35至0.4元/平米/月,丽景物业,无开发商,8栋,281户
新星家园,(汉台区汉台区)西环路新星家园,当前网页找不到元素（价格）,板楼,0.3至1元/平米/月,青龙物业管理,北银置业有限公司,5栋,317户
椰岛新村留坝老干楼,(汉台区汉台区)供电大道椰岛新村留坝老干楼,当前网页找不到元素（价格）,板楼,0.3元/平米/月,暂无信息,暂无信息,1栋,48户
朝阳新世纪,(南郑区南郑区)天汉大道朝阳新世纪,当前网页找不到元素（价格）,塔楼,0.9元/平米/月,朝阳物业,开发区建设集团建设开发分公司开发,1栋,50户
草塘寺小区,(汉台区汉台区)天汉大道草塘寺小区,当前网页找不到元素（价格）,板楼,0.35至2.2元/平米/月,翰林居,城建,13栋,219户
汉中市建筑设计院家属楼,(汉台区汉台区)中山街19号,当前网页找不到元素（价格）,板楼,0.3元/平米/月,暂无信息,暂无信息,2栋,32户
湖小^,(汉台区汉台区)莲湖东路71号,当前网页找不到元素（价格）,板楼/塔板结合,0.35至1.2元/平米/月,暂无信息, 陕西亿润经贸有限公司 ,4栋,187户
丰苑小区,(汉台区汉台区)汉丰路100号,当前网页找不到元素（价格）,板楼,0.39元/平米/月,陕西丰辉房地产开发有限公司, 陕西亿润经贸有限公司 ,2栋,54户
嘉祥小区,(汉台区汉台区)莲湖路162号,当前网页找不到元素（价格）,板楼/塔板结合,0.3至0.9元/平米/月,万佳物业,四川省聚丰房地产开发有限责任公司1,3栋,150户
江南花园,(南郑区南郑区)天汉大道58号,当前网页找不到元素（价格）,板楼,0.45元/平米/月,圣水江南物业,南宫市江南置业有限公司,6栋,207户
中所新城,(南郑区南郑区)龙岗大道中所新城,当前网页找不到元素（价格）,塔板结合,1.2元/平米/月,万佳物业, 重庆汇东房地产开发有限公司,10栋,523户
汉中市七中家属院,(汉台区汉台区)建宁巷汉中市七中家属院,当前网页找不到元素（价格）,板楼,0.5元/平米/月,暂无信息,暂无信息,1栋,72户
中央储备粮汉中直属库家属院,(汉台区汉台区)青龙路224号,当前网页找不到元素（价格）,板楼,0.5元/平米/月,暂无信息, 嘉兴世茂新世纪置业有限公司,2栋,82户
邮电小区,(汉台区汉台区)梁州路1305号,当前网页找不到元素（价格）,板楼/塔板结合,0.3至0.8元/平米/月,自持物业,上海中邮置业有限责任公司,10栋,329户
金鑫三小区,(洋县洋县)文明路332号,当前网页找不到元素（价格）,未知类型,暂无信息,暂无信息,暂无信息,4栋,190户
碧水名居,(勉县勉县)田园路碧水名居,当前网页找不到元素（价格）,未知类型,暂无信息,暂无信息,暂无信息,9栋,540户
缙颐国际星城,(勉县勉县)武侯北路缙颐国际星城,当前网页找不到元素（价格）,未知类型,暂无信息,暂无信息,暂无信息,17栋,1711户
军山名居,(勉县勉县)翠园路军山名居,当前网页找不到元素（价格）,未知类型,暂无信息,暂无信息,暂无信息,3栋,51户
西关红楼,(汉台区汉台区)西环路西关红楼,当前网页找不到元素（价格）,板楼,0.6元/平米/月,无物业管理服务,暂无信息,1栋,109户
世纪阳光小区,(汉台区汉台区)康复路世纪阳光小区,当前网页找不到元素（价格）,板楼/平房,0.3元/平米/月,汉中新天汉物业管理公司,宜昌市通达置业有限公司,4栋,136户
伞铺街,(汉台区汉台区)伞铺街,当前网页找不到元素（价格）,未知类型,暂无信息,暂无信息,暂无信息,3栋,96户
医药公司家属院,(汉台区汉台区)前进路医药公司家属院,当前网页找不到元素（价格）,未知类型,0.3元/平米/月,暂无信息,暂无信息,2栋,78户
0一二基地机关家属楼,(汉台区汉台区)前进路0一二基地机关家属楼,当前网页找不到元素（价格）,塔板结合,0.3元/平米/月,暂无信息,暂无信息,2栋,48户
东关办事处啤酒厂家属院,(汉台区汉台区)莲湖东路老虎巷,当前网页找不到元素（价格）,板楼,0.5元/平米/月,暂无信息,暂无信息,1栋,45户
蚕钟场家属院,(汉台区汉台区)虎桥西路蚕钟场家属院,当前网页找不到元素（价格）,板楼,0.3元/平米/月,暂无信息,暂无信息,2栋,27户
田园牧歌东区,(南郑区南郑区)人民路与城北一路交叉口东南,当前网页找不到元素（价格）,塔板结合,1元/平米/月,暂无信息,暂无信息,3栋,3户
公主花园一号小区,(南郑区南郑区)渔营路公主花园一号小区,当前网页找不到元素（价格）,板楼,0.5元/平米/月,暂无信息,暂无信息,4栋,120户
汉中市土产果品总公司青龙路家属院,(汉台区汉台区)青龙路100号,当前网页找不到元素（价格）,板楼,1.2元/平米/月,暂无信息,陕西阳光集团,4栋,110户
汉台区一号小区十八街坊,(汉台区汉台区)汉台区一号小区十八街坊,当前网页找不到元素（价格）,板楼,0.3元/平米/月,暂无信息,暂无信息,5栋,44户
挂匾巷鞋厂后楼,(汉台区汉台区)汉中市中山街挂匾巷,当前网页找不到元素（价格）,板楼,0.3元/平米/月,暂无信息,暂无信息,1栋,1户
莲花苑小区,(西乡县西乡县)莲花北路1号2组,当前网页找不到元素（价格）,未知类型,暂无信息,暂无信息,暂无信息,20栋,516户
陕二队家属院,(汉台区汉台区)陕二队家属院,当前网页找不到元素（价格）,板楼,0.4元/平米/月,暂无信息,暂无信息,1栋,1户
区政府家属院,(汉台区汉台区)袁家巷区政府家属院,当前网页找不到元素（价格）,塔板结合,暂无信息,暂无信息,暂无信息,3栋,74户
武装部家属院,(汉台区汉台区)西关正街武装部家属院,当前网页找不到元素（价格）,板楼,0.8元/平米/月,暂无信息,仁和房产公司,1栋,36户
东城房产公司二号小区,(汉台区汉台区)南井巷与莲湖路交叉口西南100米,当前网页找不到元素（价格）,塔板结合,0.48元/平米/月,暂无信息, 重庆汇东房地产开发有限公司,1栋,85户
汉中市生产资料公司家属院,(汉台区汉台区)梁州路1026号,当前网页找不到元素（价格）,板楼,0.8元/平米/月,暂无信息,大竹县农业生产资料公司,1栋,67户
环卫处家属院,(汉台区汉台区)望江路环卫处家属院,当前网页找不到元素（价格）,塔板结合,0.9元/平米/月,无物业管理服务,暂无信息,1栋,36户
怡蕊园A区,(汉台区汉台区)兴汉路怡蕊园A区,当前网页找不到元素（价格）,板楼,0.35元/平米/月,暂无信息,暂无信息,2栋,72户
汉中电视转播台家属院,(汉台区汉台区)七中巷汉中电视转播台家属院,当前网页找不到元素（价格）,板楼,暂无信息,暂无信息,暂无信息,1栋,2户
南郑征稽所职工住宅楼,(南郑区南郑区)南郑大道南郑征稽所职工住宅楼,当前网页找不到元素（价格）,板楼,0.4元/平米/月,暂无信息,暂无信息,1栋,24户
汉台区虎桥西路青龙观小区,(汉台区汉台区)西环路汉台区虎桥西路青龙观小区,当前网页找不到元素（价格）,板楼,暂无信息,暂无信息,暂无信息,4栋,301户
城乡建设开发公司综合楼,(汉台区汉台区)前进东路城乡建设开发公司综合楼,当前网页找不到元素（价格）,板楼/塔板结合,0.4元/平米/月,暂无信息,暂无信息,2栋,50户
大河坎村二组,(南郑区南郑区)南郑县大河坎镇大河坎村二组,当前网页找不到元素（价格）,板楼,0.4元/平米/月,暂无信息,暂无信息,1栋,1户
中山街物资局家属楼,(汉台区汉台区)中山街物资局家属楼,当前网页找不到元素（价格）,未知类型,暂无信息,暂无信息,暂无信息,1栋,6户
水电设计院家属院,(汉台区汉台区)交通巷水电设计院家属院,当前网页找不到元素（价格）,板楼,0.3元/平米/月,暂无信息,暂无信息,1栋,32户
中级法院家属院,(汉台区汉台区)西大街中级法院家属院,当前网页找不到元素（价格）,未知类型,暂无信息,暂无信息,暂无信息,1栋,16户
供销社家属楼,(汉台区汉台区)汉中市汉台区公证巷内,当前网页找不到元素（价格）,板楼,0.3元/平米/月,暂无信息,暂无信息,1栋,15户
科委家属楼,(汉台区汉台区)民主街,当前网页找不到元素（价格）,板楼,0.4元/平米/月,暂无信息,暂无信息,1栋,1户
公主花园一号小区,(南郑区南郑区)渔营路公主花园一号小区,当前网页找不到元素（价格）,板楼,0.5元/平米/月,暂无信息,暂无信息,4栋,120户
4号信箱家属院,(汉台区汉台区)前进西路,当前网页找不到元素（价格）,板楼,0.3元/平米/月,暂无信息,暂无信息,3栋,73户
汉中市土产果品总公司青龙路家属院,(汉台区汉台区)青龙路100号,当前网页找不到元素（价格）,板楼,1.2元/平米/月,暂无信息,陕西阳光集团,4栋,110户
区政府家属院,(汉台区汉台区)袁家巷区政府家属院,当前网页找不到元素（价格）,塔板结合,暂无信息,暂无信息,暂无信息,3栋,74户
条试楼小区,(汉台区汉台区)东塔北路条试楼小区,当前网页找不到元素（价格）,未知类型,暂无信息,暂无信息,暂无信息,2栋,20户
二号信箱家属院,"(汉台区汉台区)武大路二号信箱家属院,中原路65号",当前网页找不到元素（价格）,未知类型,暂无信息,暂无信息,暂无信息,5栋,60户
乡镇企业家属院,(汉台区汉台区)兴汉路乡镇企业家属院,当前网页找不到元素（价格）,未知类型,暂无信息,暂无信息,暂无信息,1栋,46户
汉前东巷十五街坊家属楼,(汉台区汉台区)汉前东巷十五街坊家属楼,当前网页找不到元素（价格）,未知类型,暂无信息,暂无信息,暂无信息,3栋,62户
田园牧歌东区,(南郑区南郑区)人民路与城北一路交叉口东南,当前网页找不到元素（价格）,塔板结合,1元/平米/月,暂无信息,暂无信息,3栋,3户
蚕钟场家属院,(汉台区汉台区)虎桥西路蚕钟场家属院,当前网页找不到元素（价格）,板楼,0.3元/平米/月,暂无信息,暂无信息,2栋,27户
东关办事处啤酒厂家属院,(汉台区汉台区)莲湖东路老虎巷,当前网页找不到元素（价格）,板楼,0.5元/平米/月,暂无信息,暂无信息,1栋,45户
陕二队家属院,(汉台区汉台区)陕二队家属院,当前网页找不到元素（价格）,板楼,0.4元/平米/月,暂无信息,暂无信息,1栋,1户
建行家属楼,(汉台区汉台区)天汉大道建行家属楼,当前网页找不到元素（价格）,板楼,暂无信息,暂无信息,暂无信息,1栋,42户
挂匾巷鞋厂后楼,(汉台区汉台区)汉中市中山街挂匾巷,当前网页找不到元素（价格）,板楼,0.3元/平米/月,暂无信息,暂无信息,1栋,1户
汉钢南区,(勉县勉县)绿缘路汉钢南区,当前网页找不到元素（价格）,未知类型,暂无信息,暂无信息,暂无信息,24栋,1701户
统征办南楼家属院,(汉台区汉台区)汉台区广新街南楼308室,当前网页找不到元素（价格）,板楼,0.3元/平米/月,暂无信息,暂无信息,1栋,26户
汉台区一号小区十八街坊,(汉台区汉台区)汉台区一号小区十八街坊,当前网页找不到元素（价格）,板楼,0.3元/平米/月,暂无信息,暂无信息,5栋,44户
长宏小区,(洋县洋县)南环路111号,当前网页找不到元素（价格）,未知类型,暂无信息,暂无信息,暂无信息,5栋,137户
南郑征稽所职工住宅楼,(南郑区南郑区)南郑大道南郑征稽所职工住宅楼,当前网页找不到元素（价格）,板楼,0.4元/平米/月,暂无信息,暂无信息,1栋,24户
汉台区虎桥西路青龙观小区,(汉台区汉台区)西环路汉台区虎桥西路青龙观小区,当前网页找不到元素（价格）,板楼,暂无信息,暂无信息,暂无信息,4栋,301户
城乡建设开发公司综合楼,(汉台区汉台区)前进东路城乡建设开发公司综合楼,当前网页找不到元素（价格）,板楼/塔板结合,0.4元/平米/月,暂无信息,暂无信息,2栋,50户
金利达商住小区,(南郑区南郑区)东大街21号,当前网页找不到元素（价格）,板楼,0.45元/平米/月,暂无信息,暂无信息,2栋,80户
圣水家园,(南郑区南郑区)陕西省汉中市南郑区大河坎镇江古路,当前网页找不到元素（价格）,板楼,0.3元/平米/月,无物业管理服务,无开发公司,2栋,43户
运输管理所家属院,(汉台区汉台区)兴汉路1175号,当前网页找不到元素（价格）,塔楼/板楼,0.2元/平米/月,惠泽物业,莱阳运输公司,2栋,71户
西大街法院家属院,(汉台区汉台区)西大街法院家属院,当前网页找不到元素（价格）,塔板结合,暂无信息,暂无信息,暂无信息,1栋,25户
环卫处家属院,(汉台区汉台区)望江路环卫处家属院,当前网页找不到元素（价格）,塔板结合,0.9元/平米/月,无物业管理服务,暂无信息,1栋,36户
汉中电视转播台家属院,(汉台区汉台区)七中巷汉中电视转播台家属院,当前网页找不到元素（价格）,板楼,暂无信息,暂无信息,暂无信息,1栋,2户
太白新村,(汉台区汉台区)太白巷太白新村,当前网页找不到元素（价格）,板楼,0.3元/平米/月,暂无信息,暂无信息,1栋,168户
市二院5号家属院,(汉台区汉台区)南团结街169号,当前网页找不到元素（价格）,塔板结合,0.35元/平米/月,暂无信息,暂无信息,1栋,27户
卫校家属楼,(汉台区汉台区)汉台区将坛西路人大巷,当前网页找不到元素（价格）,板楼,0.3元/平米/月,自持物业,暂无信息,2栋,2户
陕二队家属院,(汉台区汉台区)陕二队家属院,当前网页找不到元素（价格）,板楼,0.4元/平米/月,暂无信息,暂无信息,1栋,1户
蚕钟场家属院,(汉台区汉台区)虎桥西路蚕钟场家属院,当前网页找不到元素（价格）,板楼,0.3元/平米/月,暂无信息,暂无信息,2栋,27户
莲花苑小区,(西乡县西乡县)莲花北路1号2组,当前网页找不到元素（价格）,未知类型,暂无信息,暂无信息,暂无信息,20栋,516户
铺镇工贸有限家属院,(汉台区汉台区)铺镇新桥五组,当前网页找不到元素（价格）,平房,0.4元/平米/月,暂无信息,暂无信息,1栋,1户
公路局家属院,(汉台区汉台区)刘家巷159号,当前网页找不到元素（价格）,板楼,0.4元/平米/月,暂无信息,暂无信息,2栋,15户
米厂家属院,(汉台区汉台区)劳动中路,当前网页找不到元素（价格）,板楼,0.4元/平米/月,暂无信息,暂无信息,3栋,73户
建行家属院,(汉台区汉台区)西环路建行家属院,当前网页找不到元素（价格）,未知类型,暂无信息,暂无信息,暂无信息,2栋,11户
南星苑,(南郑区南郑区)司法路南星苑,当前网页找不到元素（价格）,塔板结合,0.3元/平米/月,暂无信息,暂无信息,1栋,30户
中级法院家属院,(汉台区汉台区)西大街中级法院家属院,当前网页找不到元素（价格）,未知类型,暂无信息,暂无信息,暂无信息,1栋,16户
供销社家属楼,(汉台区汉台区)汉中市汉台区公证巷内,当前网页找不到元素（价格）,板楼,0.3元/平米/月,暂无信息,暂无信息,1栋,15户
科委家属楼,(汉台区汉台区)民主街,当前网页找不到元素（价格）,板楼,0.4元/平米/月,暂无信息,暂无信息,1栋,1户
虎头桥东口住宅楼,(汉台区汉台区)汉台区虎头桥东口,当前网页找不到元素（价格）,塔板结合,0.4元/平米/月,暂无信息,暂无信息,1栋,1户
挂匾巷鞋厂后楼,(汉台区汉台区)汉中市中山街挂匾巷,当前网页找不到元素（价格）,板楼,0.3元/平米/月,暂无信息,暂无信息,1栋,1户
太白泉自来水公司家属院,(汉台区汉台区)太白路127号,当前网页找不到元素（价格）,板楼,0.4元/平米/月,暂无信息,暂无信息,1栋,11户
区政府家属院,(汉台区汉台区)袁家巷区政府家属院,当前网页找不到元素（价格）,塔板结合,暂无信息,暂无信息,暂无信息,3栋,74户
青年路水井巷新楼,(汉台区汉台区)青年路水井巷新楼,当前网页找不到元素（价格）,板楼,0.3元/平米/月,暂无信息,暂无信息,1栋,1户
田园牧歌东区,(南郑区南郑区)人民路与城北一路交叉口东南,当前网页找不到元素（价格）,塔板结合,1元/平米/月,暂无信息,暂无信息,3栋,3户
东关办事处啤酒厂家属院,(汉台区汉台区)莲湖东路老虎巷,当前网页找不到元素（价格）,板楼,0.5元/平米/月,暂无信息,暂无信息,1栋,45户
大河坎村二组,(南郑区南郑区)南郑县大河坎镇大河坎村二组,当前网页找不到元素（价格）,板楼,0.4元/平米/月,暂无信息,暂无信息,1栋,1户
中山街物资局家属楼,(汉台区汉台区)中山街物资局家属楼,当前网页找不到元素（价格）,未知类型,暂无信息,暂无信息,暂无信息,1栋,6户
四街坊,(汉台区汉台区)汉台区北关街道天台路,当前网页找不到元素（价格）,板楼,0.3元/平米/月,益汉小区,暂无信息,6栋,169户
外贸家属院,(汉台区汉台区)汉台区莲湖路,当前网页找不到元素（价格）,塔板结合,1元/平米/月,暂无信息,暂无信息,2栋,28户
汉台区一号小区十八街坊,(汉台区汉台区)汉台区一号小区十八街坊,当前网页找不到元素（价格）,板楼,0.3元/平米/月,暂无信息,暂无信息,5栋,44户
东龙华府,(南郑区南郑区)北大街东龙华府,当前网页找不到元素（价格）,塔板结合,2元/平米/月,暂无信息,暂无信息,2栋,4户
舒馨苑小区,(汉台区汉台区)舒馨苑,当前网页找不到元素（价格）,塔板结合,0.6元/平米/月,暂无信息,暂无信息,3栋,25户
粮油公司家属院,(汉台区汉台区)汉台区劳动中路刘家巷1号,当前网页找不到元素（价格）,板楼,0.3元/平米/月,暂无信息,暂无信息,2栋,64户
汉江物产家属院,(汉台区汉台区)西环路汉江物产家属院,当前网页找不到元素（价格）,未知类型,暂无信息,暂无信息,暂无信息,2栋,13户
三建司家属院,(汉台区汉台区)七中巷23号,当前网页找不到元素（价格）,板楼,0.3元/平米/月,暂无信息,暂无信息,4栋,97户
建材厂家属院,(汉台区汉台区)天汉大道北段建材厂家属院,当前网页找不到元素（价格）,未知类型,暂无信息,暂无信息,暂无信息,2栋,40户
和馨园小区,(城固县城固县)桔园路和馨园小区,当前网页找不到元素（价格）,未知类型,暂无信息,暂无信息,暂无信息,5栋,284户
汉中市土产果品总公司青龙路家属院,(汉台区汉台区)青龙路100号,当前网页找不到元素（价格）,板楼,1.2元/平米/月,暂无信息,陕西阳光集团,4栋,110户
统征办南楼家属院,(汉台区汉台区)汉台区广新街南楼308室,当前网页找不到元素（价格）,板楼,0.3元/平米/月,暂无信息,暂无信息,1栋,26户
汉台区一号小区十八街坊,(汉台区汉台区)汉台区一号小区十八街坊,当前网页找不到元素（价格）,板楼,0.3元/平米/月,暂无信息,暂无信息,5栋,44户
党校家属院,(汉台区汉台区)南团结街党校家属院,当前网页找不到元素（价格）,未知类型,暂无信息,暂无信息,暂无信息,2栋,44户
条试楼小区,(汉台区汉台区)东塔北路条试楼小区,当前网页找不到元素（价格）,未知类型,暂无信息,暂无信息,暂无信息,2栋,20户
前进路水泥厂家属院,(汉台区汉台区)前进路水泥厂家属院,当前网页找不到元素（价格）,板楼,0.3元/平米/月,暂无信息,暂无信息,1栋,36户
建行家属楼,(汉台区汉台区)天汉大道建行家属楼,当前网页找不到元素（价格）,板楼,暂无信息,暂无信息,暂无信息,1栋,42户
水电设计院家属院,(汉台区汉台区)交通巷水电设计院家属院,当前网页找不到元素（价格）,板楼,0.3元/平米/月,暂无信息,暂无信息,1栋,32户
科委家属楼,(汉台区汉台区)民主街,当前网页找不到元素（价格）,板楼,0.4元/平米/月,暂无信息,暂无信息,1栋,1户
中级法院家属院,(汉台区汉台区)西大街中级法院家属院,当前网页找不到元素（价格）,未知类型,暂无信息,暂无信息,暂无信息,1栋,16户
供销社家属楼,(汉台区汉台区)汉中市汉台区公证巷内,当前网页找不到元素（价格）,板楼,0.3元/平米/月,暂无信息,暂无信息,1栋,15户
舒馨苑小区,(汉台区汉台区)舒馨苑,当前网页找不到元素（价格）,塔板结合,0.6元/平米/月,暂无信息,暂无信息,3栋,25户
东龙华府,(南郑区南郑区)北大街东龙华府,当前网页找不到元素（价格）,塔板结合,2元/平米/月,暂无信息,暂无信息,2栋,4户
虎头桥东口住宅楼,(汉台区汉台区)汉台区虎头桥东口,当前网页找不到元素（价格）,塔板结合,0.4元/平米/月,暂无信息,暂无信息,1栋,1户
米厂家属院,(汉台区汉台区)劳动中路,当前网页找不到元素（价格）,板楼,0.4元/平米/月,暂无信息,暂无信息,3栋,73户
公路局家属院,(汉台区汉台区)刘家巷159号,当前网页找不到元素（价格）,板楼,0.4元/平米/月,暂无信息,暂无信息,2栋,15户
七里企业综合楼家属院,(汉台区汉台区)东一环七里企业综合楼家属院,当前网页找不到元素（价格）,板楼,0.4元/平米/月,暂无信息,暂无信息,3栋,66户
汉中市北郊氮肥厂家属院,(汉台区汉台区)供电大道汉中市北郊氮肥厂家属院,当前网页找不到元素（价格）,板楼,0.35元/平米/月,地王花园,汉中北辰置业有限公司,1栋,46户
虎桥路住宅小区,(汉台区汉台区)聚春巷,当前网页找不到元素（价格）,板楼/塔板结合,0.4元/平米/月,无物业管理服务,暂无信息,3栋,164户
兴汉住宅楼,(汉台区汉台区)太白路136号,当前网页找不到元素（价格）,板楼,0.3元/平米/月,无物业管理服务,暂无信息,1栋,16户
汉台区伞改二期,(汉台区汉台区)拜将坛路汉台区伞改二期,当前网页找不到元素（价格）,塔板结合,0.3元/平米/月,暂无信息,暂无信息,3栋,53户
竹韵汉府,(汉台区汉台区)铺镇电影院路口南50m处西北方向76m,当前网页找不到元素（价格）,板楼/塔板结合,0.5至1.2元/平米/月,暂无信息,暂无信息,15栋,219户
汉中市区电力局家属院,(汉台区汉台区)汉前西巷汉中市区电力局家属院,当前网页找不到元素（价格）,板楼,0.3元/平米/月,暂无信息,集资房,3栋,42户
东方明珠,(城固县城固县)风尚路东方明珠,当前网页找不到元素（价格）,未知类型,暂无信息,暂无信息,暂无信息,1栋,66户
汉江物产家属院,(汉台区汉台区)西环路汉江物产家属院,当前网页找不到元素（价格）,未知类型,暂无信息,暂无信息,暂无信息,2栋,13户
水利管理中心家属院,(汉台区汉台区)兴汉路水利管理中心家属院,当前网页找不到元素（价格）,未知类型,暂无信息,暂无信息,暂无信息,1栋,8户
三建司家属院,(汉台区汉台区)七中巷23号,当前网页找不到元素（价格）,板楼,0.3元/平米/月,暂无信息,暂无信息,4栋,97户
锦绣江城,(勉县勉县)绿缘路锦绣江城,当前网页找不到元素（价格）,未知类型,暂无信息,暂无信息,暂无信息,10栋,289户
天汉东路3号,(汉台区汉台区)天汉东路3号,当前网页找不到元素（价格）,未知类型,暂无信息,暂无信息,暂无信息,1栋,24户
裕丰小区,(汉台区汉台区)西大街118号,当前网页找不到元素（价格）,未知类型,暂无信息,暂无信息,暂无信息,1栋,2户
蓝天小区,(城固县城固县)建设路蓝天小区,当前网页找不到元素（价格）,板楼,0.3元/平米/月,暂无信息,暂无信息,2栋,2户
长青小区99号,(汉台区汉台区)聚春巷99号,当前网页找不到元素（价格）,塔板结合,0.3元/平米/月,暂无信息,暂无信息,1栋,24户
木材公司家属院,(汉台区汉台区)豆家巷47号,当前网页找不到元素（价格）,塔板结合,0.4元/平米/月,暂无信息,暂无信息,1栋,1户
汉水紫薇A区,(汉台区汉台区)兴郑路汉水紫薇A区,当前网页找不到元素（价格）,塔板结合,1元/平米/月,暂无信息,暂无信息,3栋,108户
米厂家属院,(汉台区汉台区)劳动中路,当前网页找不到元素（价格）,板楼,0.4元/平米/月,暂无信息,暂无信息,3栋,73户
虎头桥东口住宅楼,(汉台区汉台区)汉台区虎头桥东口,当前网页找不到元素（价格）,塔板结合,0.4元/平米/月,暂无信息,暂无信息,1栋,1户
鹏程花园,(南郑区南郑区)东大街鹏程花园,当前网页找不到元素（价格）,板楼,0.3元/平米/月,暂无信息,暂无信息,2栋,2户
龙首融景城,(镇巴县镇巴县)河滨南路龙首融景城,当前网页找不到元素（价格）,未知类型,暂无信息,暂无信息,暂无信息,2栋,2户
学林雅苑,(汉台区汉台区)中学巷2号,当前网页找不到元素（价格）,塔板结合,0.4元/平米/月,暂无信息,暂无信息,1栋,30户
裕丰小区,(汉台区汉台区)西大街118号,当前网页找不到元素（价格）,未知类型,暂无信息,暂无信息,暂无信息,1栋,2户
三建司家属院,(汉台区汉台区)七中巷23号,当前网页找不到元素（价格）,板楼,0.3元/平米/月,暂无信息,暂无信息,4栋,97户
锦绣江城,(勉县勉县)绿缘路锦绣江城,当前网页找不到元素（价格）,未知类型,暂无信息,暂无信息,暂无信息,10栋,289户
东方明珠,(城固县城固县)风尚路东方明珠,当前网页找不到元素（价格）,未知类型,暂无信息,暂无信息,暂无信息,1栋,66户
汉江物产家属院,(汉台区汉台区)西环路汉江物产家属院,当前网页找不到元素（价格）,未知类型,暂无信息,暂无信息,暂无信息,2栋,13户
和馨园小区,(城固县城固县)桔园路和馨园小区,当前网页找不到元素（价格）,未知类型,暂无信息,暂无信息,暂无信息,5栋,284户
水利管理中心家属院,(汉台区汉台区)兴汉路水利管理中心家属院,当前网页找不到元素（价格）,未知类型,暂无信息,暂无信息,暂无信息,1栋,8户
建材厂家属院,(汉台区汉台区)天汉大道北段建材厂家属院,当前网页找不到元素（价格）,未知类型,暂无信息,暂无信息,暂无信息,2栋,40户
汉台区伞改二期,(汉台区汉台区)拜将坛路汉台区伞改二期,当前网页找不到元素（价格）,塔板结合,0.3元/平米/月,暂无信息,暂无信息,3栋,53户
台联小区,(汉台区汉台区)供电大道台联小区,当前网页找不到元素（价格）,板楼/塔板结合,0.3至0.35元/平米/月,暂无信息,广汉中岭置业有限公司,5栋,149户
竹韵汉府,(汉台区汉台区)铺镇电影院路口南50m处西北方向76m,当前网页找不到元素（价格）,板楼/塔板结合,0.5至1.2元/平米/月,暂无信息,暂无信息,15栋,219户
虎桥路住宅小区,(汉台区汉台区)聚春巷,当前网页找不到元素（价格）,板楼/塔板结合,0.4元/平米/月,无物业管理服务,暂无信息,3栋,164户
汉中市区电力局家属院,(汉台区汉台区)汉前西巷汉中市区电力局家属院,当前网页找不到元素（价格）,板楼,0.3元/平米/月,暂无信息,集资房,3栋,42户
汉中市北郊氮肥厂家属院,(汉台区汉台区)供电大道汉中市北郊氮肥厂家属院,当前网页找不到元素（价格）,板楼,0.35元/平米/月,地王花园,汉中北辰置业有限公司,1栋,46户
七里企业综合楼家属院,(汉台区汉台区)东一环七里企业综合楼家属院,当前网页找不到元素（价格）,板楼,0.4元/平米/月,暂无信息,暂无信息,3栋,66户
天汉东路3号,(汉台区汉台区)天汉东路3号,当前网页找不到元素（价格）,未知类型,暂无信息,暂无信息,暂无信息,1栋,24户
航空宏峰精密工具公司家属院,(汉台区汉台区)汉台区陕西航空宏峰精密工具公司新1号楼,当前网页找不到元素（价格）,板楼,暂无信息,暂无信息,暂无信息,2栋,3户
市审计局家属院,(汉台区汉台区)天台路市审计局家属院,当前网页找不到元素（价格）,板楼,0.4元/平米/月,暂无信息,暂无信息,2栋,53户
广发青龙小区,(汉台区汉台区)汉中市汉台区虎桥路新星街,当前网页找不到元素（价格）,板楼,0.3元/平米/月,暂无信息,暂无信息,4栋,106户
兴汉住宅楼,(汉台区汉台区)太白路136号,当前网页找不到元素（价格）,板楼,0.3元/平米/月,无物业管理服务,暂无信息,1栋,16户
六号厂家属院,(汉台区汉台区)鑫源街道翠屏中路99号,当前网页找不到元素（价格）,板楼,0.4元/平米/月,暂无信息,无,8栋,226户
文明小区十八街坊,(汉台区汉台区)前进路汉前东巷,当前网页找不到元素（价格）,板楼/塔板结合,3元/平米/月,暂无信息,暂无信息,6栋,24户
3201医院家属院,(汉台区汉台区)南一环路3201医院家属院,当前网页找不到元素（价格）,板楼,0.4元/平米/月,暂无信息,暂无信息,4栋,167户
广厦明珠北苑,(汉台区汉台区)民主巷广厦明珠北苑,当前网页找不到元素（价格）,塔板结合,1至1.2元/平米/月,陕西天府怡和物业服务有限公司,北京广厦富城置业有限公司,19栋,2611户
汉中世纪城,(汉台区汉台区)滨江东路汉中世纪城,当前网页找不到元素（价格）,板楼/塔板结合,0.5至0.9元/平米/月,中青国际物业,四川中青置业有限公司,47栋,2330户
明珠南苑一期,(汉台区汉台区)民主街明珠南苑,当前网页找不到元素（价格）,板楼/塔板结合,0.5至1.4元/平米/月,宏基物业,陕西新开广厦房地产开发有限公司 ,28栋,2661户
明珠小区,(汉台区汉台区)汉中路街道西环路35号,当前网页找不到元素（价格）,板楼/塔板结合,0.35至0.5元/平米/月,汉中新天汉物业管理公司,广厦重庆置业发展有限公司,56栋,2501户
恒大城,(南郑区南郑区)龙岗大道恒大城,当前网页找不到元素（价格）,塔板结合,1.5元/平米/月,暂无信息,恒大地产集团,17栋,2128户
中青国际社区,(汉台区汉台区)梁州路中青国际社区,当前网页找不到元素（价格）,塔板结合,0.8至1.5元/平米/月,中青国际物业,四川中青置业有限公司,36栋,2852户
智慧城,(南郑区南郑区)智慧大街智慧城,当前网页找不到元素（价格）,塔楼/板楼/塔板结合/平房,1至9元/平米/月,仁和物业,联科智慧城投资有限公司,30栋,1490户
汉江明珠,(南郑区南郑区)艺苑路汉江明珠,当前网页找不到元素（价格）,塔楼/板楼/塔板结合,0.4至0.9元/平米/月,汉江明珠物业公司, 陕西亿润经贸有限公司 ,34栋,2210户
绿地香樟林,(南郑区南郑区)秦南路绿地香樟林,当前网页找不到元素（价格）,塔板结合,0.45至0.9元/平米/月,暂无信息,绿地,12栋,1103户
银沟桥小区,(南郑区南郑区)江南西路银沟桥小区,当前网页找不到元素（价格）,板楼,0.45元/平米/月,暂无信息,裕华区政府,18栋,955户
汇锦城,(汉台区汉台区)供电大道2号,当前网页找不到元素（价格）,塔板结合,1元/平米/月,汉水名城南区小区物业,上海虹大房地产开发有限公司,9栋,956户
天河・望江郡,(汉台区汉台区)团结中巷天河・望江郡,当前网页找不到元素（价格）,塔板结合,1至1.2元/平米/月,汉中鑫汉源物业管理有限公司,北京市天河运通房地产开发公司,13栋,1680户
蜀汉美郡,(南郑区南郑区)南郑大道蜀汉美郡,当前网页找不到元素（价格）,塔板结合,0.45至1元/平米/月,暂无信息, 重庆汇东房地产开发有限公司,33栋,1868户
艺苑居住区,(南郑区南郑区)艺苑路艺苑居住区,当前网页找不到元素（价格）,塔楼/板楼,0.5至1元/平米/月,佳苑物业,北京艺苑房地产开发公司,30栋,1294户
朋鹰紫城,(汉台区汉台区)紫柏路899号,当前网页找不到元素（价格）,板楼/塔板结合,1至1.5元/平米/月,自持物业,广州从化汉中实业有限公司,13栋,1830户
裕A@,(南郑区南郑区)江古路裕A@,当前网页找不到元素（价格）,板楼,0.45至0.9元/平米/月,暂无信息,上海裕华,29栋,1251户
建昌卡斯迪亚第壹大道,(汉台区汉台区)东一环路建昌卡斯迪亚第壹大道,当前网页找不到元素（价格）,塔楼/板楼/塔板结合,0.5至1.3元/平米/月,汉中鑫辉物业,广州从化汉中实业有限公司,29栋,2230户
君临汉江,(南郑区南郑区)江南西路君临汉江,当前网页找不到元素（价格）,塔楼/板楼/塔板结合,0.9至1元/平米/月,阳光物业,大华集团一公司,10栋,902户
惠泽小区,(汉台区汉台区)南团结街惠泽小区,当前网页找不到元素（价格）,塔楼,0.9元/平米/月,惠泽物业, 重庆汇东房地产开发有限公司,2栋,360户
和谐春天,(汉台区汉台区)益州路和谐春天,当前网页找不到元素（价格）,板楼/塔板结合/平房,0.2至0.7元/平米/月,圣水江南物业,杭州和谐置业有限公司,27栋,1907户
萃庭花园,(汉台区汉台区)梁州路萃庭花园,当前网页找不到元素（价格）,板楼/塔板结合,0.8至3元/平米/月,南京翠庭物业,	西安大德房地产开发有限公司,29栋,2527户
金色蓝镇,(南郑区南郑区)秦南路金色蓝镇,当前网页找不到元素（价格）,塔楼/塔板结合,0.8至1.2元/平米/月,暂无信息,承德世居投资有限公司,36栋,1615户
圣水江南,(南郑区南郑区)南郑大道圣水江南,当前网页找不到元素（价格）,板楼,0.45至4.5元/平米/月,暂无信息,青岛开发区城建开发公司,13栋,384户
金地阳光花园,(南郑区南郑区)秦南路金地阳光花园,当前网页找不到元素（价格）,板楼,0.45元/平米/月,暂无信息,开发区建设集团建设开发分公司开发,10栋,355户
和谐家园,(汉台区汉台区)龙亭路和谐家园,当前网页找不到元素（价格）,板楼,0.35元/平米/月,和谐阳光,诸暨祥生祥安置业有限公司,43栋,1820户
龙惠春天,(南郑区南郑区)惠丰北路龙惠春天,当前网页找不到元素（价格）,板楼/塔板结合,0.9元/平米/月,暂无信息,开发区建设集团建设开发分公司开发,7栋,626户
万邦普罗旺斯,(汉台区汉台区)前进西路万邦普罗旺斯,当前网页找不到元素（价格）,塔板结合,0.9元/平米/月,鸿海物业,台州万邦置业有限公司,8栋,1216户
大华月光湖,(南郑区南郑区)江南西路大华月光湖,当前网页找不到元素（价格）,塔板结合,0.9元/平米/月,暂无信息,汉中市中辉实业开发有限公司,7栋,768户
天河小区,(汉台区汉台区)望江路天河小区,当前网页找不到元素（价格）,板楼/塔板结合,0.4至0.6元/平米/月,汉中温馨物业服务有限公司,甘肃天河房地产开发有限公司,14栋,751户
江南臻品,(南郑区南郑区)江南东路江南臻品,当前网页找不到元素（价格）,板楼/塔板结合,0.9至1元/平米/月,宏图物业,宏海投资有限公司,6栋,1058户
桃源新城,(汉台区汉台区)虎头桥路桃源新城,当前网页找不到元素（价格）,板楼/塔板结合,0.5元/平米/月,桃源新城,河北桃源投资有限公司,30栋,1803户
西港・时代公馆,(汉台区汉台区)西一环路西港・时代公馆,当前网页找不到元素（价格）,塔板结合,0.8至1.2元/平米/月,仁和物业,西部机场集团有限公司,3栋,294户
堂宏广场,(汉台区汉台区)西关正街800号,当前网页找不到元素（价格）,塔楼/塔板结合,0.8至1.2元/平米/月,堂宏百年物业,比利时教会普爱堂,14栋,3274户
话艺园,(南郑区南郑区)艺苑路话艺园,当前网页找不到元素（价格）,塔楼/板楼/塔板结合,0.46至1元/平米/月,佳苑物业,北京艺苑房地产开发公司,17栋,688户
金都苑,(汉台区汉台区)青龙路金都苑,当前网页找不到元素（价格）,板楼,0.5元/平米/月,美乐佳物业,北京浙金都房地产开发有限公司,15栋,579户
二期网师苑,(汉台区汉台区)南团结街二期网师苑,当前网页找不到元素（价格）,塔板结合,1.2元/平米/月,汉江新城物业, 合肥万科瑞翔地产有限公司,12栋,1759户
金色家园,(汉台区汉台区)南一环路金色家园,当前网页找不到元素（价格）,塔楼/板楼/塔板结合/平房,0.4至30元/平米/月,自持物业, 合肥万科瑞翔地产有限公司,9栋,358户
海德理想城,(汉台区汉台区)益州路海德理想城,当前网页找不到元素（价格）,塔楼/塔板结合,0.8至1元/平米/月,汉中泽伟房物业, 陕西亿润经贸有限公司 ,13栋,2241户
学府花园(汉台区),(汉台区汉台区)东一环路学府花园(汉台区),当前网页找不到元素（价格）,塔楼/板楼/塔板结合,0.38至1元/平米/月,自持物业,西部投资集团有限公司						,9栋,510户
文沁世家,(汉台区汉台区)东一环路文沁世家,当前网页找不到元素（价格）,塔板结合,0.85至1元/平米/月,锦江小区, 重庆汇东房地产开发有限公司,2栋,394户
蓝天・御苑,(汉台区汉台区)西一环路蓝天・御苑,当前网页找不到元素（价格）,板楼,0.5元/平米/月,蓝天御苑小区物业,北京蓝天恒大置业有限公司,10栋,365户
汉丰小区,(汉台区汉台区)汉丰路44号,当前网页找不到元素（价格）,塔楼/板楼/塔板结合,0.35至2元/平米/月,汉丰小区物业,	西安大德房地产开发有限公司,10栋,709户
汉南领秀,(南郑区南郑区)南海路汉南领秀,当前网页找不到元素（价格）,塔楼/板楼/塔板结合,0.9至1元/平米/月,暂无信息,绿地控股集团武汉汉南置业有限公司,5栋,909户
九壁,(南郑区南郑区)艺苑路九壁,当前网页找不到元素（价格）,塔楼/塔板结合,0.9至1.1元/平米/月,佳苑物业,开发区建设集团建设开发分公司开发,9栋,865户
龙岗学府,(南郑区南郑区)海会路龙岗学府,当前网页找不到元素（价格）,塔楼/塔板结合,0.8至0.9元/平米/月,艺苑房地产,龙岗宇宏实业,4栋,603户
汉水名城紫薇公馆,(汉台区汉台区)西新街818号,当前网页找不到元素（价格）,塔板结合,1.2元/平米/月,汉中新天汉物业管理公司,陕西金泰恒业,10栋,987户
汉运司家属院,(汉台区汉台区)劳动中路汉运司家属院,当前网页找不到元素（价格）,板楼/塔板结合,0.5元/平米/月,暂无信息,无开发商,15栋,675户
汉水名城北区,(汉台区汉台区)劳动西路汉水名城北区,当前网页找不到元素（价格）,塔板结合,0.5至1.5元/平米/月,汉中新天汉物业管理公司,陕西国润集团,26栋,886户
汉江新城留苑,(汉台区汉台区)南团结街南团结街,当前网页找不到元素（价格）,塔板结合,1.2元/平米/月,圣元物业,北京金隆投资基金管理有限公司,5栋,387户
祥瑞 ・ 四季印象,(汉台区汉台区)荔枝路祥瑞 ・ 四季印象,当前网页找不到元素（价格）,板楼/塔板结合/平房,0.75至1元/平米/月,仁和物业,山西祥瑞发置业有限公司,10栋,637户
丰辉公园小区,(汉台区汉台区)东一环路丰辉公园小区,当前网页找不到元素（价格）,板楼,0.35至7元/平米/月,长信铭座小区物业,金广物业,20栋,828户
竹园华府,(汉台区汉台区)滨江东路竹园华府,当前网页找不到元素（价格）,塔板结合,0.9至1.2元/平米/月,陕西浩田物业有限公司,陕西竹园村置业有限公司,10栋,1130户
悦景湾,(汉台区汉台区)南郑大道悦景湾,当前网页找不到元素（价格）,板楼/塔板结合,0.9元/平米/月,桃源新城,江苏新城悦控股有限公司,15栋,1146户
h府L,(南郑区南郑区)江谷路汉府国风,当前网页找不到元素（价格）,塔板结合,0.45元/平米/月,仁和物业,南通开发区富新房地产开发公司,16栋,1042户
莲湖路秦峰家属院东院,(汉台区汉台区)莲湖路246号,当前网页找不到元素（价格）,板楼/塔板结合,0.35至3.5元/平米/月,汉宁物业,陕西秦达房地产开发有限公司,10栋,634户
怡景花园,(汉台区汉台区)康复路怡景花园,当前网页找不到元素（价格）,板楼/塔板结合,0.48元/平米/月,仁和物业,河北怡景房地产开发有限公司,7栋,356户
锦江小区,(汉台区汉台区)人民路51号,当前网页找不到元素（价格）,板楼/塔板结合,0.45至0.8元/平米/月,锦江小区,广州从化汉中实业有限公司,17栋,767户
民乐花苑南区,(汉台区汉台区)汉武路民乐花苑南区,当前网页找不到元素（价格）,板楼/塔板结合,0.3至1元/平米/月,汉中吉祥物业,广汉中岭置业有限公司,17栋,1100户
丰辉花园,(汉台区汉台区)梁州路丰辉花园,当前网页找不到元素（价格）,板楼/塔板结合,0.35至0.8元/平米/月,万丰物业,诸暨祥生祥合置业有限公司,20栋,679户
利达尚都,(汉台区汉台区)天汉西路7号,当前网页找不到元素（价格）,塔楼/塔板结合,0.8至1.2元/平米/月,汉宁物业,广州从化汉中实业有限公司,4栋,612户
汉府郡小区,(汉台区汉台区)建国路99号,当前网页找不到元素（价格）,塔板结合,0.5至5元/平米/月,宏基物业,金辉集团,4栋,156户
金城大厦,(汉台区汉台区)汉台区虎桥路南侧金城大厦综合楼11层1104室,当前网页找不到元素（价格）,塔板结合,0.6元/平米/月,自持物业,暂无信息,1栋,56户
长信铭座,(汉台区汉台区)南团结街长信铭座,当前网页找不到元素（价格）,塔板结合,1元/平米/月,长信铭座小区物业,四川长信置业有限公司,2栋,81户
民乐花苑一期,(汉台区汉台区)吴家庄巷民乐花苑一期,当前网页找不到元素（价格）,板楼,0.6至1元/平米/月,民乐花园小区物业,汉中北辰置业有限公司,10栋,1336户
广厦・东方明珠,(汉台区汉台区)望江路广厦・东方明珠,当前网页找不到元素（价格）,塔楼/板楼/塔板结合,0.8至1.2元/平米/月,宏基物业, 陕西亿润经贸有限公司 ,13栋,1881户
天汉家缘,(南郑区南郑区)天汉大道天汉家缘,当前网页找不到元素（价格）,板楼/塔板结合,0.45元/平米/月,暂无信息,上海天汉置业有限公司,6栋,207户
东塔花苑,(汉台区汉台区)东塔南路91号,当前网页找不到元素（价格）,板楼,0.35元/平米/月,熠东房地产,锦艺大厦,6栋,447户
滨江苑(南郑区),(南郑区南郑区)渔营路滨江苑,当前网页找不到元素（价格）,板楼/塔板结合,0.45至0.5元/平米/月,汉中华韵物业有限公司,山西鑫盛源房地产开发有限公司,13栋,444户
情艺园,(南郑区南郑区)易君路情艺园,当前网页找不到元素（价格）,塔楼/板楼,0.5至1元/平米/月,佳苑物业,北京艺苑房地产开发有限责任公司,12栋,479户
康家@,(南郑区南郑区)红军路康家@,当前网页找不到元素（价格）,板楼,0.5至1.2元/平米/月,汉中市家和物业管理有限公司,共康发展集团,7栋,142户
建行家属院(汉台区),(汉台区汉台区)汉前西巷69号,当前网页找不到元素（价格）,板楼,0.3至10元/平米/月,无,无,5栋,156户
汉中民居,(汉台区汉台区)中山街中段30号,当前网页找不到元素（价格）,板楼/塔板结合,0.5元/平米/月,暂无信息,暂无信息,7栋,305户
汉府紫薇,(南郑区南郑区)圣水路汉府紫薇,当前网页找不到元素（价格）,塔板结合/平房,0.8至1.2元/平米/月,汉中新天汉物业管理公司,开发区建设集团建设开发分公司开发,4栋,442户
汉宇领峰,(汉台区汉台区)交通巷8号,当前网页找不到元素（价格）,塔楼/板楼/塔板结合,0.8至0.9元/平米/月,俊景园物业, 重庆桥达茂宸房地产开发有限公司,5栋,278户
汉上名居,(南郑区南郑区)南郑大道汉上名居,当前网页找不到元素（价格）,板楼/塔板结合,0.45元/平米/月,暂无信息,上海新城万嘉房地产有限公司,10栋,445户
祥瑞御景东方,(汉台区汉台区)莲湖东路175号,当前网页找不到元素（价格）,板楼/塔板结合,0.35至0.5元/平米/月,祥瑞物业,绍兴柯桥祥瑞置业有限公司,4栋,260户
天汉花苑,(汉台区汉台区)银滩路122号,当前网页找不到元素（价格）,板楼/塔板结合,0.3元/平米/月,无物业管理服务,西安天汉置业有限公司,12栋,780户
仁和春天,(汉台区汉台区)西新街仁和春天,当前网页找不到元素（价格）,塔板结合,0.9元/平米/月,暂无信息,汉中圣美嘉实业有限公司,11栋,1120户
海德城,(汉台区汉台区)北团结街129号,当前网页找不到元素（价格）,塔楼/塔板结合,0.5至1元/平米/月,世家物业,北京海德置业有限公司,5栋,586户
莲湖花溪时光,(汉台区汉台区)留侯路莲湖花溪时光,当前网页找不到元素（价格）,板楼/塔板结合,1.2至1.5元/平米/月,汉中鑫辉物业,莲湖区教育局,9栋,628户
江州名园,(南郑区南郑区)油坊街117号,当前网页找不到元素（价格）,塔楼/板楼/塔板结合,0.45至1.2元/平米/月,无物业管理服务,开发区建设集团建设开发分公司开发,4栋,112户
天汉之星,(南郑区南郑区)天汉大道天汉之星,当前网页找不到元素（价格）,塔板结合,1元/平米/月,汉中精诚物业管理有限公司,山西庄立邦投资有限公司,1栋,324户
汉和中航尚街,(汉台区汉台区)前进西路汉和中航尚街,当前网页找不到元素（价格）,塔板结合,1.2元/平米/月,中航物业管理,城投开发,6栋,788户
益汉小区,(汉台区汉台区)天爷庙巷11号,当前网页找不到元素（价格）,板楼/塔板结合,0.5至0.6元/平米/月,益汉小区,广汉中岭置业有限公司,3栋,143户
朝阳园,(汉台区汉台区)东关正街朝阳园,当前网页找不到元素（价格）,板楼/塔板结合,0.5至0.8元/平米/月,圣水江南物业, 陕西亿润经贸有限公司 ,10栋,408户
锦绣春光,(南郑区南郑区)龙岗中路锦绣春光,当前网页找不到元素（价格）,塔楼/板楼/塔板结合,0.5元/平米/月,暂无信息,开发区建设集团建设开发分公司开发,6栋,257户
h水名城南区,(汉台区汉台区)劳动西路h水名城南区,当前网页找不到元素（价格）,塔板结合,0.5元/平米/月,汉水名城南区小区物业,陕西金泰恒业,10栋,296户
滨江花园小区,(南郑区南郑区)江南东路滨江花园小区,当前网页找不到元素（价格）,塔板结合,0.6元/平米/月,东昌物业, 大理耀鹏房地产开发有限责任公司,4栋,152户
锦园聚春园二期,(汉台区汉台区)西一环路锦园聚春园二期,当前网页找不到元素（价格）,塔板结合,0.8元/平米/月,暂无信息, 陕西亿润经贸有限公司 ,2栋,100户
怡欣园,(汉台区汉台区)华阳路159号,当前网页找不到元素（价格）,塔楼/板楼/塔板结合,0.5元/平米/月,美乐佳物业,四川省聚丰房地产开发有限责任公司1,17栋,755户
汉台区养老经办中心家属院,(汉台区汉台区)西环路汉台区养老经办中心家属院,当前网页找不到元素（价格）,塔楼,0.4元/平米/月,暂无信息,无,1栋,24户
水韵江南,(南郑区南郑区)江南西路水韵江南,当前网页找不到元素（价格）,板楼/塔板结合,0.5至1.5元/平米/月,暂无信息,上海富盛经济开发区开发有限公司,23栋,308户
智诚茗居,(汉台区汉台区)吴家庄巷智诚茗居,当前网页找不到元素（价格）,塔板结合,1.2元/平米/月,暂无信息,暂无信息,4栋,416户
光辉社区C2,(汉台区汉台区)南郑大道光辉社区C2,当前网页找不到元素（价格）,塔板结合,0.8至0.9元/平米/月,熠东房地产,暂无信息,6栋,951户
东和雅居商住楼,(汉台区汉台区)兴汉路东和雅居商住楼,当前网页找不到元素（价格）,塔板结合,1元/平米/月,暂无信息,重庆东和实业(集团)有限公司,1栋,50户
汉水名城芳菲园,(汉台区汉台区)劳动西路588号,当前网页找不到元素（价格）,塔楼/板楼,0.6至9元/平米/月,陕西怡和物业管理有限公司,陕西金泰恒业,7栋,304户
青龙小区,(汉台区汉台区)聚春巷105号,当前网页找不到元素（价格）,板楼/塔板结合,0.5元/平米/月,青龙物业管理,无开发商,5栋,691户
h江新城,(汉台区汉台区)南团结街h江新城,当前网页找不到元素（价格）,塔楼/塔板结合,1.2元/平米/月,汉江新城物业,湖北汉江新世纪投资有限公司,5栋,537户
华建上城,(汉台区汉台区)虎桥西路华建上城,当前网页找不到元素（价格）,板楼/塔板结合,0.5至1.5元/平米/月,汉中新天汉物业管理公司,汉中北辰置业有限公司,14栋,1326户
汉中市供电局家属院,(汉台区汉台区)东塔北路汉中市供电局家属院,当前网页找不到元素（价格）,板楼,0.35至0.8元/平米/月,仁和物业,诸暨祥生祥鹏置业有限公司,8栋,358户
裕华香颂,(南郑区南郑区)海会路裕华香颂,当前网页找不到元素（价格）,板楼,0.9元/平米/月,暂无信息,裕华区政府,18栋,604户
易家馨园,(汉台区汉台区)梁州路易家馨园,当前网页找不到元素（价格）,塔板结合,0.5元/平米/月,东昌物业,上海富盛经济开发区开发有限公司,3栋,180户
江郡苑,(汉台区汉台区)民主街257号,当前网页找不到元素（价格）,板楼/塔板结合,0.4至1.2元/平米/月,汉中市家和物业管理有限公司,汉中北辰置业有限公司,6栋,561户
莲湖城市花苑,(汉台区汉台区)文化街18号,当前网页找不到元素（价格）,板楼/塔板结合,0.5至1元/平米/月,莲湖房地产开发有限公司, 陕西亿润经贸有限公司 ,12栋,497户
汉中客车有限公司家属院,(汉台区汉台区)虎桥路96号,当前网页找不到元素（价格）,板楼/塔板结合/平房,0.4至0.5元/平米/月,虎桥小区物业,陕西昊伟地产,4栋,687户
万邦时代广场,(汉台区汉台区)天汉大道999号,当前网页找不到元素（价格）,塔楼/塔板结合,1至1.1元/平米/月,宏基物业,西安万邦建设开发有限公司,5栋,550户
蓝调名居,(汉台区汉台区)莲湖路蓝调名居,当前网页找不到元素（价格）,板楼,0.8元/平米/月,暂无信息,四金房产,1栋,95户
竹园华府二期,(汉台区汉台区)滨江东路竹园华府二期,当前网页找不到元素（价格）,塔楼/塔板结合,0.8至1.2元/平米/月,方圆物业,陕西竹园村置业有限公司,5栋,982户
康桥枫景一期,(汉台区汉台区)东一环路康桥枫景一期,当前网页找不到元素（价格）,板楼,0.4至1元/平米/月,汉中鑫辉物业,广州从化汉中实业有限公司,4栋,277户
广厦名品商务中心,(汉台区汉台区)兴汉路6号,当前网页找不到元素（价格）,塔楼,0.6元/平米/月,汉中市金隆房地产开发有限公司,莱芜广厦集团有限公司,1栋,153户
原皮鞋厂家属院,(汉台区汉台区)益汉路原皮鞋厂家属院,当前网页找不到元素（价格）,板楼,0.8元/平米/月,无物业管理服务,暂无信息,1栋,45户
汉江湖韵安置小区,(南郑区南郑区)海会路汉江湖韵安置小区,当前网页找不到元素（价格）,板楼,0.45元/平米/月,汉江湖韵物业公司,开发区建设集团建设开发分公司开发,6栋,266户
紫柏小区,(汉台区汉台区)供电大道紫柏小区,当前网页找不到元素（价格）,板楼/塔板结合,0.3至0.5元/平米/月,无物业管理服务,汉中圣美嘉实业有限公司,3栋,202户
地王熙苑,(汉台区汉台区)东新街71号,当前网页找不到元素（价格）,板楼/塔板结合,0.8至1元/平米/月,地王熙苑,吉林省地王置业开发有限公司,18栋,1386户
外滩新天地,(南郑区南郑区)汉江路外滩新天地,当前网页找不到元素（价格）,塔楼/塔板结合,0.9元/平米/月,暂无信息,东外滩开发商,5栋,288户
太白路水利局家属楼,(汉台区汉台区)太白路水利局家属楼,当前网页找不到元素（价格）,板楼,0.4元/平米/月,暂无信息,暂无信息,1栋,24户
汉仕公馆,(汉台区汉台区)虎头桥路汉仕公馆,当前网页找不到元素（价格）,板楼,1元/平米/月,汉中洹茵物业管理公司,陕西昊伟地产,2栋,343户
魅力花园,(汉台区汉台区)友爱路6号,当前网页找不到元素（价格）,板楼,0.5至0.7元/平米/月,暂无信息, 大理耀鹏房地产开发有限责任公司,2栋,136户
汉台区证券公司家属院,(汉台区汉台区)望江路汉台区证券公司家属院,当前网页找不到元素（价格）,板楼,0.4至3.5元/平米/月,暂无信息,汉中北辰置业有限公司,2栋,44户
天然林保护中心小区,(汉台区汉台区)供电大道天然林保护中心小区,当前网页找不到元素（价格）,板楼,0.5至6.6元/平米/月,暂无信息,诸暨祥生祥鹏置业有限公司,2栋,31户
锦园府西苑,(汉台区汉台区)中山街123号,当前网页找不到元素（价格）,塔楼/板楼,0.35至0.8元/平米/月,暂无信息,河南中中置业有限公司,7栋,374户
丽景花园(南郑区),(南郑区南郑区)惠丰南路丽景花园,当前网页找不到元素（价格）,塔楼/板楼,0.5元/平米/月,暂无信息,南通华新建工集团有限公司,15栋,263户
瑞丰小区,(汉台区汉台区)伟志巷瑞丰小区,当前网页找不到元素（价格）,板楼/塔板结合,0.5至1元/平米/月,天顺物业,"""浙江富园房地产开发有限公司",2栋,60户
石狮・东方之珠,(汉台区汉台区)华阳路石狮・东方之珠,当前网页找不到元素（价格）,塔楼/板楼,0.35至1元/平米/月,益丰物业,汉中北辰置业有限公司,10栋,368户
雅居乐花园,(汉台区汉台区)滨江路雅居乐花园,当前网页找不到元素（价格）,板楼/塔板结合,1.5至1.8元/平米/月,中航物业管理,汉中龙腾雅居房地产开发有限公司,57栋,5342户
南鑫座,(汉台区汉台区)东塔路110号,当前网页找不到元素（价格）,塔板结合,1元/平米/月,鼎峰物业,南京栖霞建设鑫南置业有限公司,1栋,100户
仕锦现代城,(汉台区汉台区)西一环路仕锦现代城,当前网页找不到元素（价格）,塔楼/塔板结合,0.9元/平米/月,汉中仕锦房地产开发商, 陕西亿润经贸有限公司 ,5栋,476户
天汉芙蓉苑,(汉台区汉台区)梁州路天汉芙蓉苑,当前网页找不到元素（价格）,板楼/塔板结合,0.35至0.8元/平米/月,无物业管理服务,"""苍南县中富房地产开发有限公司",7栋,448户
益宁铭居,(汉台区汉台区)益州路益宁铭居,当前网页找不到元素（价格）,塔板结合,0.8元/平米/月,朝阳物业,大连益宁房地产开发有限公司,3栋,286户
丽江苑小区,(南郑区南郑区)江南路4号,当前网页找不到元素（价格）,塔板结合,0.4元/平米/月,乐嘉物业,青岛开发区城建开发公司,2栋,57户
滨江苑,(汉台区汉台区)建国东巷9号,当前网页找不到元素（价格）,板楼,1元/平米/月,暂无信息, 重庆汇东房地产开发有限公司,3栋,116户
嘉和尚品,(汉台区汉台区)兴元路嘉和尚品,当前网页找不到元素（价格）,塔板结合,1.2元/平米/月,陕西广厦集团发展有限公司,北京广厦富城置业有限公司,4栋,274户
临风尚居,(汉台区汉台区)前进东路临风尚居,当前网页找不到元素（价格）,板楼,0.5元/平米/月,美乐佳物业, 合肥万科瑞翔地产有限公司,10栋,473户
盛世家园,(汉台区汉台区)望江路盛世家园,当前网页找不到元素（价格）,板楼,0.5元/平米/月,仁和物业,上海德昌房地产开发有限公司,8栋,452户
丰辉家园,(汉台区汉台区)前进东巷丰辉家园,当前网页找不到元素（价格）,板楼/塔板结合,0.38至3.5元/平米/月,暂无信息,石家庄市丰辉房地产开发有限公司,13栋,642户
魅力之星商住楼,(汉台区汉台区)友爱路魅力之星商住楼,当前网页找不到元素（价格）,塔板结合,1.2元/平米/月,暂无信息,天津市下营魅力投资有限公司,1栋,128户
鑫辉茗都,(汉台区汉台区)西环路南段2号,当前网页找不到元素（价格）,塔板结合,1元/平米/月,青龙物业管理, 合肥万科瑞翔地产有限公司,3栋,295户
迎宾苑,(南郑区南郑区)天汉大道165号,当前网页找不到元素（价格）,板楼/塔板结合,0.45至0.6元/平米/月,西安怡人物业,珠海迎宾房地产开发有限公司 ,4栋,82户
天汉名都,(汉台区汉台区)天汉大道517号,当前网页找不到元素（价格）,塔板结合,1元/平米/月,汉中市金隆房地产开发有限公司,西安天汉置业有限公司,3栋,454户
太白社区,(汉台区汉台区)太白巷太白社区,当前网页找不到元素（价格）,板楼,0.3元/平米/月,暂无信息,大连北良有限公司,3栋,432户
滨江佳园,(汉台区汉台区)南团结街南段2号,当前网页找不到元素（价格）,板楼/塔板结合,0.4至1元/平米/月,美乐佳物业,上海中房滨江房产有限公司,14栋,724户
聚兴名苑,(汉台区汉台区)风景路聚行名苑交通花园,当前网页找不到元素（价格）,塔楼/板楼/塔板结合,0.8至1.2元/平米/月,汉中精诚物业管理有限公司,聚兴地产开发有限公司,14栋,833户
清华太白路综合楼,(汉台区汉台区)太白巷清华太白路综合楼,当前网页找不到元素（价格）,板楼,0.5元/平米/月,清华物业管理,广汉中岭置业有限公司,1栋,49户
汇豪新世界,(汉台区汉台区)兴汉路7号,当前网页找不到元素（价格）,塔楼,1元/平米/月,汇豪新世界小区物业,诸暨祥生祥鹏置业有限公司,1栋,138户
财富立方,(汉台区汉台区)东塔路财富立方,当前网页找不到元素（价格）,板楼/塔板结合,1至1.2元/平米/月,自持物业, 大理耀鹏房地产开发有限责任公司,8栋,754户
望江苑小区,(南郑区南郑区)江南西路望江苑小区,当前网页找不到元素（价格）,板楼,0.5元/平米/月,暂无信息,杭州望江地区改造建设指挥部,5栋,153户
信合家属院,(汉台区汉台区)聚春巷57号,当前网页找不到元素（价格）,板楼/平房,0.3至0.5元/平米/月,信合物业,陕西华顺房地产开发有限公司,4栋,139户
中青国际社区三期,(汉台区汉台区)梁州路中青国际三期,当前网页找不到元素（价格）,塔板结合,0.8至0.9元/平米/月,中青国际物业,陕西中惠置业有限公司,3栋,423户
禹王宫巷8院,(汉台区汉台区)禹王宫巷8号,当前网页找不到元素（价格）,板楼,0.3元/平米/月,暂无信息,暂无信息,3栋,45户
汉中人民广播电台家属院,(汉台区汉台区)南团结街汉中人民广播电台家属院,当前网页找不到元素（价格）,未知类型,暂无信息,暂无信息,暂无信息,3栋,113户
盛世华庭,(南郑区南郑区)南郑大道盛世华庭,当前网页找不到元素（价格）,板楼/塔板结合,0.45元/平米/月,德昌物业,开发区建设集团建设开发分公司开发,10栋,702户
幸福家园,(汉台区汉台区)梁州路110号,当前网页找不到元素（价格）,塔板结合,0.7元/平米/月,无物业管理服务,无开发商,4栋,244户
和谐东锦,(汉台区汉台区)华阳路188号,当前网页找不到元素（价格）,塔板结合,1至2元/平米/月,堂宏百年物业,金辉地产,6栋,688户
中国银行汉中分行家属院,(汉台区汉台区)望江路1043号,当前网页找不到元素（价格）,板楼,暂无信息,暂无信息,暂无信息,3栋,77户
裕华祥居,(南郑区南郑区)海会路裕华祥居,当前网页找不到元素（价格）,塔楼/塔板结合,0.45元/平米/月,暂无信息,上海裕华,4栋,93户
乐嘉中心,(汉台区汉台区)天台路乐嘉中心,当前网页找不到元素（价格）,塔楼/塔板结合,0.9元/平米/月,仁和物业, 陕西亿润经贸有限公司 ,4栋,393户
怡蕊园B区,(汉台区汉台区)汉丰北路2号,当前网页找不到元素（价格）,塔板结合,2元/平米/月,美乐佳物业,广东碧桂园物业服务股份有限公司洛阳分公司1,1栋,33户
东方新世界小区,(汉台区汉台区)东大街1号,当前网页找不到元素（价格）,塔板结合,1元/平米/月,暂无信息,金辉地产,2栋,122户
工行家属院(汉台区),(汉台区汉台区)中学巷40号,当前网页找不到元素（价格）,板楼,0.3元/平米/月,新华书店小区,无,4栋,91户
检查院住宅小区,(汉台区汉台区)三官庙街检查院住宅小区,当前网页找不到元素（价格）,板楼/塔板结合,0.5至5元/平米/月,无物业管理服务, 陕西亿润经贸有限公司 ,5栋,318户
天宸华府,(南郑区南郑区)红军路天宸华府,当前网页找不到元素（价格）,塔楼/板楼,1元/平米/月,暂无信息,上海天汉置业有限公司,5栋,182户
枫林绿洲,(南郑区南郑区)红军路枫林绿洲,当前网页找不到元素（价格）,板楼/塔板结合,1.5元/平米/月,暂无信息,开发区建设集团建设开发分公司开发,10栋,186户
质检局家属院,(汉台区汉台区)朝阳北路质检局家属院,当前网页找不到元素（价格）,板楼,0.5元/平米/月,暂无信息,暂无信息,2栋,52户
汉中畜牧中心楼住宅,(汉台区汉台区)前进路汉中畜牧中心楼住宅,当前网页找不到元素（价格）,塔楼,0.3元/平米/月,暂无信息,暂无信息,1栋,37户
汉宁苑小区,(汉台区汉台区)银滩路汉宁苑小区,当前网页找不到元素（价格）,塔板结合,0.45元/平米/月,暂无信息, 陕西亿润经贸有限公司 ,1栋,74户
汉台区优质公司家属院,(汉台区汉台区)西关正街汉台区优质公司家属院,当前网页找不到元素（价格）,板楼,0.2元/平米/月,暂无信息,暂无信息,2栋,25户
交警大队家属院,(汉台区汉台区)东塔路交警大队家属院,当前网页找不到元素（价格）,板楼,0.3元/平米/月,无物业管理服务,集资房,2栋,96户
圣元华宸公馆,(南郑区南郑区)惠丰南路圣元华宸公馆,当前网页找不到元素（价格）,塔板结合,0.9元/平米/月,暂无信息,北京圣元置业发展有限公司,2栋,192户
百仕达玲珑雅居,(南郑区南郑区)汉山路百仕达玲珑雅居,当前网页找不到元素（价格）,塔板结合,1元/平米/月,暂无信息,暂无信息,2栋,2户
江南壹号,(南郑区南郑区)江南西路江南壹号,当前网页找不到元素（价格）,板楼/塔板结合,1.2至2.5元/平米/月,暂无信息,暂无信息,20栋,1010户
圣元华宸,(南郑区南郑区)北一环路圣元华宸,当前网页找不到元素（价格）,塔楼/板楼,0.9元/平米/月,暂无信息,暂无信息,5栋,41户
公路局家属院,(汉台区汉台区)康复路公路局家属院,当前网页找不到元素（价格）,板楼/塔板结合/平房,0.3至0.5元/平米/月,中鼎物业,汉中市中辉实业开发有限公司,7栋,182户
汉中人民广播电台家属院,(汉台区汉台区)南团结街汉中人民广播电台家属院,当前网页找不到元素（价格）,未知类型,暂无信息,暂无信息,暂无信息,3栋,113户
汉台二中教师家属楼,(汉台区汉台区)莲湖路汉台二中教师家属楼,当前网页找不到元素（价格）,板楼,0.4元/平米/月,暂无信息,暂无信息,3栋,67户
职高家属院,(汉台区汉台区)南井巷26号,当前网页找不到元素（价格）,板楼,0.5元/平米/月,暂无信息,暂无信息,3栋,79户
裕华园蓬莱,(南郑区南郑区)海会路裕华园蓬莱,当前网页找不到元素（价格）,板楼,0.5元/平米/月,暂无信息,牡丹江裕华园置业开发有限公司,4栋,172户
莲花苑,(汉台区汉台区)东建设巷192号,当前网页找不到元素（价格）,板楼/平房,0.35至0.6元/平米/月,自持物业,莲湖区教育局,10栋,326户
光辉社区A区,(汉台区汉台区)益州路光辉社区A区,当前网页找不到元素（价格）,塔板结合,0.6元/平米/月,暂无信息,暂无信息,19栋,4556户
市人民医院家属院,(汉台区汉台区)兴汉路市人民医院家属院,当前网页找不到元素（价格）,板楼,0.4元/平米/月,暂无信息,暂无信息,2栋,93户
金福园,(汉台区汉台区)供电大道710号,当前网页找不到元素（价格）,板楼/塔板结合,0.5至1.2元/平米/月,汇豪新世界小区物业,陕西昊伟地产,13栋,598户
百嘉汇美居广场,(汉台区汉台区)西环路5号,当前网页找不到元素（价格）,塔楼/板楼/塔板结合,0.6至1.2元/平米/月,汉中中学家属院物业,中瑞置业（大连）有限公司,2栋,445户
锦城花园,(汉台区汉台区)前进东路1066号,当前网页找不到元素（价格）,塔楼/板楼/塔板结合,0.38至0.5元/平米/月,汉中和顺物业有限公司,汉中北辰置业有限公司,4栋,220户
天骄佳园,(南郑区南郑区)龙岗路东9号,当前网页找不到元素（价格）,板楼/塔板结合,0.45至1元/平米/月,绿都置业,开天集团,6栋,220户
缙颐香庭,(洋县洋县)唐塔北路300号,当前网页找不到元素（价格）,未知类型,暂无信息,暂无信息,暂无信息,11栋,693户
质检局家属院,(汉台区汉台区)朝阳北路质检局家属院,当前网页找不到元素（价格）,板楼,0.5元/平米/月,暂无信息,暂无信息,2栋,52户
汉中畜牧中心楼住宅,(汉台区汉台区)前进路汉中畜牧中心楼住宅,当前网页找不到元素（价格）,塔楼,0.3元/平米/月,暂无信息,暂无信息,1栋,37户
农行汉中分行家属院,(汉台区汉台区)东建设巷11号,当前网页找不到元素（价格）,板楼,0.3元/平米/月,汉丰小区物业, 五指山水墨雨林置业有限公司,2栋,58户
春光华都,(汉台区汉台区)北团结街201号,当前网页找不到元素（价格）,塔板结合,1至1.2元/平米/月,汉水名城南区小区物业, 陕西亿润经贸有限公司 ,3栋,111户
将坛小区,(汉台区汉台区)建国路将坛小区,当前网页找不到元素（价格）,板楼/塔板结合/平房,0.3至0.5元/平米/月,瀚晨房产,保定你我他投资有限公司,5栋,250户
西苑北区,(汉台区汉台区)环南路18号,当前网页找不到元素（价格）,板楼/塔板结合,0.5元/平米/月,暂无信息,汉中市中辉实业开发有限公司,5栋,473户
云景濠情名园,(汉台区汉台区)庆华路711号,当前网页找不到元素（价格）,板楼,0.38至0.6元/平米/月,无物业管理服务,辽宁云基地置业有限公司,2栋,96户
莲湖路秦峰家属院西院,(汉台区汉台区)莲湖路334号,当前网页找不到元素（价格）,板楼/塔板结合,0.35至0.8元/平米/月,陕西金维物业,四川省聚丰房地产开发有限责任公司1,6栋,373户
陕建十公司家属院,(汉台区汉台区)北团结街201号,当前网页找不到元素（价格）,板楼/塔板结合,0.5元/平米/月,天顺物业,陕西华久置业有限公司 ,6栋,240户
康桥二期,(汉台区汉台区)前进路康桥二期,当前网页找不到元素（价格）,塔楼/板楼/塔板结合,0.45至1.2元/平米/月,润吉物业,上海新建一司,4栋,161户
久麟铭座,(汉台区汉台区)前进路久麟铭座,当前网页找不到元素（价格）,塔板结合,0.9元/平米/月,暂无信息,金广物业,1栋,76户
兴达二号小区,(汉台区汉台区)莲湖东路兴达二号小区,当前网页找不到元素（价格）,板楼,0.35至0.4元/平米/月,暂无信息,三河市兴达置业房产有限公司,6栋,185户
汉中市林业局家属院,(汉台区汉台区)将坛西路汉中市林业局家属院,当前网页找不到元素（价格）,板楼,0.3元/平米/月,汉中中学家属院物业,暂无信息,1栋,36户
清华苑,(汉台区汉台区)刘家中巷15号,当前网页找不到元素（价格）,板楼,0.4元/平米/月,无物业管理服务,无,8栋,308户
幸福嘉苑小区,(南郑区南郑区)幸福路33号,当前网页找不到元素（价格）,塔楼,0.45元/平米/月,暂无信息,暂无信息,6栋,223户
万丰阳光家园,(南郑区南郑区)天汉大道万丰阳光家园,当前网页找不到元素（价格）,塔楼/塔板结合,0.4元/平米/月,万丰物业,上大阳光,5栋,371户
西环路华汉小区,(汉台区汉台区)西环路华汉小区,当前网页找不到元素（价格）,板楼,0.5至1.2元/平米/月,暂无信息,汉中北辰置业有限公司,6栋,294户
宇宏・健康花城,(汉台区汉台区)益州路宇宏・健康花城,当前网页找不到元素（价格）,塔板结合,1至10元/平米/月,暂无信息,天溢实业,5栋,1125户
航天新城,(南郑区南郑区)渔营路航天新城,当前网页找不到元素（价格）,塔板结合,0.8至1.2元/平米/月,暂无信息, 陕西亿润经贸有限公司 ,3栋,429户
中核大厦,(汉台区汉台区)新世纪装饰广场南1号,当前网页找不到元素（价格）,塔板结合,0.8元/平米/月,中鼎物业,中核二四建筑公司,1栋,137户
十九街坊小区,(汉台区汉台区)八中巷十九街坊小区,当前网页找不到元素（价格）,板楼,0.38元/平米/月,暂无信息,暂无信息,3栋,120户
汉中中学家属院,(汉台区汉台区)西一环路汉中中学家属院,当前网页找不到元素（价格）,平房,0.6元/平米/月,汉中中学家属院物业,市政开发公司,3栋,68户
汉航集团家属院,(汉台区汉台区)劳动东路33号,当前网页找不到元素（价格）,塔板结合,0.9元/平米/月,汉中吉祥物业, 陕西亿润经贸有限公司 ,3栋,223户
安康铁路分局汉中电务段家属院,(汉台区汉台区)北寺巷35号,当前网页找不到元素（价格）,板楼,0.18元/平米/月,暂无信息,暂无信息,1栋,61户
花台三区,(汉台区汉台区)荔枝路338号,当前网页找不到元素（价格）,板楼/塔板结合,0.5元/平米/月,汉中市金隆房地产开发有限公司, 陕西亿润经贸有限公司 ,3栋,100户
环卫家属院,(汉台区汉台区)西一环路环卫家属院,当前网页找不到元素（价格）,塔楼,1.2元/平米/月,陕西怡和物业管理有限公司,陕西昊伟地产,1栋,37户
\绣A庭,(汉台区汉台区)北团结街225号,当前网页找不到元素（价格）,塔楼,0.6元/平米/月,暂无信息, 重庆桥达茂宸房地产开发有限公司,2栋,126户
裕丰楼小区,(汉台区汉台区)东塔路裕丰楼小区,当前网页找不到元素（价格）,板楼,0.2元/平米/月,暂无信息,暂无信息,2栋,43户
益州路自来水公司家属院127号,(汉台区汉台区)益汉路太白泉自来水公司家属院127号,当前网页找不到元素（价格）,板楼,0.8元/平米/月,无物业管理服务,暂无信息,1栋,24户
锦绣名苑,(汉台区汉台区)望江路1077号,当前网页找不到元素（价格）,板楼,0.5元/平米/月,暂无信息,龙江融信投资有限公司,3栋,130户
和谐阳光,(汉台区汉台区)翠屏路和谐阳光,当前网页找不到元素（价格）,塔板结合,0.6至0.83元/平米/月,和谐阳光,暂无信息,12栋,1260户
久麟银座,(汉台区汉台区)前进路久麟银座,当前网页找不到元素（价格）,板楼,0.8元/平米/月,暂无信息,久联物业,1栋,72户
朝阳铭居小区,(汉台区汉台区)东一环路朝阳铭居小区,当前网页找不到元素（价格）,板楼,0.6元/平米/月,朝阳物业,朝阳市泰运房地产置业担保有限公司朝阳县分公司,1栋,52户
颐馨园,(汉台区汉台区)天汉大道颐馨园,当前网页找不到元素（价格）,塔板结合,0.9元/平米/月,暂无信息,金辉地产,1栋,78户
华建新城二期,(汉台区汉台区)莲湖东路华建新城二期,当前网页找不到元素（价格）,板楼/塔板结合,1至2.2元/平米/月,汉中泽伟房物业,汉中圣美嘉实业有限公司,4栋,570户
北茂大厦,(汉台区汉台区)青龙路25号,当前网页找不到元素（价格）,板楼/塔板结合,1元/平米/月,陕西广厦集团发展有限公司,陕西尤居置业,3栋,213户
东和小区,(汉台区汉台区)望江路东和小区,当前网页找不到元素（价格）,板楼,0.35至0.8元/平米/月,锦江小区,南京左邻有李置业有限公司,2栋,147户
汉南苑小区,(南郑区南郑区)南郑大道汉南苑小区,当前网页找不到元素（价格）,塔板结合,0.9元/平米/月,暂无信息,绿地控股集团武汉汉南置业有限公司,4栋,456户
水泥厂家属院,(汉台区汉台区)天爷庙巷水泥厂家属院,当前网页找不到元素（价格）,板楼,0.3至0.35元/平米/月,汉中吉祥物业,无,3栋,224户
久麟鑫座小区,(汉台区汉台区)华阳路久麟鑫座小区,当前网页找不到元素（价格）,塔楼/塔板结合,0.9至1.2元/平米/月,中鼎物业,"""苍南县中富房地产开发有限公司",3栋,222户
汉台区体育局家属院,(汉台区汉台区)文体路汉台区体育局家属院,当前网页找不到元素（价格）,板楼,0.4元/平米/月,暂无信息,暂无信息,1栋,36户
华强一居,(汉台区汉台区)北团结街,当前网页找不到元素（价格）,板楼,0.5元/平米/月,圣华物业,厦门华强建设发展有限公司,1栋,10户
石灰巷东侧人行住宅楼,(汉台区汉台区)石灰巷东侧人行住宅楼,当前网页找不到元素（价格）,板楼,3元/平米/月,暂无信息,暂无信息,1栋,12户
十七街坊小区,(汉台区汉台区)八中巷十七街坊小区,当前网页找不到元素（价格）,板楼,0.3元/平米/月,暂无信息,暂无信息,1栋,29户
兴达四号小区,(汉台区汉台区)东塔路84号,当前网页找不到元素（价格）,板楼,0.5至0.9元/平米/月,圣诚物业,"""苍南县中富房地产开发有限公司",3栋,72户
文明小区西区,(汉台区汉台区)汉前中巷文明小区西区,当前网页找不到元素（价格）,板楼,0.3元/平米/月,无物业管理服务,暂无信息,11栋,277户
市工商局院内,(汉台区汉台区)市工商局院内1号楼,当前网页找不到元素（价格）,板楼,0.3元/平米/月,暂无信息,暂无信息,2栋,26户
御玺苑,(汉台区汉台区)南一环路御玺苑,当前网页找不到元素（价格）,板楼,1元/平米/月,暂无信息,"""浙江富园房地产开发有限公司",1栋,27户
鑫府邸,(汉台区汉台区)莲湖路鑫府邸,当前网页找不到元素（价格）,塔板结合,0.7元/平米/月,暂无信息,石家庄鑫府置业有限公司,1栋,128户
工商局家属院,(汉台区汉台区)西环路工商局家属院,当前网页找不到元素（价格）,板楼/塔板结合,0.5至1元/平米/月,仁和物业, 西安中海振兴房地产开发有限公司,2栋,56户
金鑫铭座,(汉台区汉台区)东塔南路金鑫铭座,当前网页找不到元素（价格）,板楼,0.4元/平米/月,暂无信息,汉中北辰置业有限公司,1栋,49户
汉台区前进路邮电局家属院,(汉台区汉台区)前进路汉台区前进路邮电局家属院,当前网页找不到元素（价格）,塔板结合,10元/平米/月,暂无信息,邮电局,1栋,45户
西湖御都,(南郑区南郑区)渔场路12号,当前网页找不到元素（价格）,塔板结合,0.5元/平米/月,天汉家苑物业,暂无信息,8栋,116户
河南会馆小区,(汉台区汉台区)莲湖路685号,当前网页找不到元素（价格）,塔板结合,0.4至0.9元/平米/月,汉中新天汉物业管理公司,汉中市中辉实业开发有限公司,6栋,253户
三监狱家属院,(汉台区汉台区)太白路三监狱家属院,当前网页找不到元素（价格）,板楼,0.5元/平米/月,无物业管理服务,暂无信息,4栋,123户
太白小区,(汉台区汉台区)太白巷太白小区,当前网页找不到元素（价格）,板楼,0.3至0.5元/平米/月,无物业管理服务,广汉中岭置业有限公司,14栋,180户
京丰苑,(城固县城固县)人民路京丰苑,当前网页找不到元素（价格）,未知类型,暂无信息,暂无信息,暂无信息,5栋,153户
丽景花园(洋县),(洋县洋县)武康路汉中丽景花园,当前网页找不到元素（价格）,未知类型,暂无信息,暂无信息,暂无信息,16栋,398户
汉中市园林绿化管理处家属院,(汉台区汉台区)将坛西路19号院,当前网页找不到元素（价格）,板楼,0.3元/平米/月,暂无信息,暂无信息,2栋,4户
景观小区,(汉台区汉台区)河南会馆巷景观小区,当前网页找不到元素（价格）,塔楼,0.9元/平米/月,莲湖房地产开发有限公司,共康发展集团,1栋,13户
汉中市花台小区,(汉台区汉台区)荔枝路汉中市花台小区,当前网页找不到元素（价格）,板楼/塔板结合,0.5元/平米/月,暂无信息,曲江文商集团,7栋,584户
兴园府邸,(南郑区南郑区)南郑大道兴园府邸,当前网页找不到元素（价格）,平房,0.9元/平米/月,汉中市家和物业管理有限公司, 陕西亿润经贸有限公司 ,1栋,176户
花台二区,(汉台区汉台区)人大巷花台二区,当前网页找不到元素（价格）,塔板结合,0.5至4元/平米/月,暂无信息,海天华信,4栋,115户
水工队家属院,(汉台区汉台区)望江路水工队家属院,当前网页找不到元素（价格）,板楼,0.3至30元/平米/月,汉中鑫汉源物业管理有限公司,红书房建,2栋,72户
金桂园住宅楼,(汉台区汉台区)益汉路7号,当前网页找不到元素（价格）,板楼/塔板结合,0.7元/平米/月,金房物业,金辉地产,3栋,44户
怡馨园小区,(汉台区汉台区)莲湖路怡馨园小区,当前网页找不到元素（价格）,板楼,0.5至2元/平米/月,自持物业,中怡投资有限公司,3栋,127户
汉台区体育局家属院,(汉台区汉台区)文体路汉台区体育局家属院,当前网页找不到元素（价格）,板楼,0.4元/平米/月,暂无信息,暂无信息,1栋,36户
汉中市油脂化工厂家属院,(汉台区汉台区)北一环路727号,当前网页找不到元素（价格）,板楼,0.4至0.8元/平米/月,暂无信息, 中国奥园地产集团股份有限公司,3栋,75户
汉西林业局家属院,(汉台区汉台区)虎桥西路266号,当前网页找不到元素（价格）,塔板结合,0.8至8元/平米/月,汉中吉祥物业,延寿县林业局,4栋,120户
兴达四号小区,(汉台区汉台区)东塔路84号,当前网页找不到元素（价格）,板楼,0.5至0.9元/平米/月,圣诚物业,"""苍南县中富房地产开发有限公司",3栋,72户
市工商局院内,(汉台区汉台区)市工商局院内1号楼,当前网页找不到元素（价格）,板楼,0.3元/平米/月,暂无信息,暂无信息,2栋,26户
汉中东盛名居,(汉台区汉台区)留侯路汉中东盛名居,当前网页找不到元素（价格）,板楼,0.5元/平米/月,仁和物业,暂无信息,2栋,140户
翰林居,(汉台区汉台区)兴汉路翰林居,当前网页找不到元素（价格）,板楼,1元/平米/月,暂无信息,暂无信息,1栋,88户
西街上院,(汉台区汉台区)益汉巷6号,当前网页找不到元素（价格）,板楼,0.4元/平米/月,暂无信息,暂无信息,1栋,36户
汉京国际,(汉台区汉台区)东大街汉京国际,当前网页找不到元素（价格）,板楼,2元/平米/月,暂无信息,暂无信息,1栋,363户
东建设巷团组北苑,(汉台区汉台区)文化街东建设巷团组北苑,当前网页找不到元素（价格）,板楼,0.3元/平米/月,暂无信息,暂无信息,1栋,48户
黄家塘小区,(汉台区汉台区)天台路黄家塘小区,当前网页找不到元素（价格）,未知类型,暂无信息,暂无信息,暂无信息,3栋,38户
万嘉综合楼,(汉台区汉台区)兴汉路万嘉综合楼,当前网页找不到元素（价格）,板楼,0.8元/平米/月,无物业管理服务,暂无信息,1栋,60户
艾斯金谷,(汉台区汉台区)陕西省汉中市汉台区东关街道东一环路39号艾斯金谷,当前网页找不到元素（价格）,板楼,暂无信息,暂无信息,暂无信息,2栋,497户
药材市场搬迁楼,(汉台区汉台区)虎头桥路药材市场搬迁楼,当前网页找不到元素（价格）,未知类型,暂无信息,暂无信息,暂无信息,2栋,49户
西环路中段,(汉台区汉台区)汉台区西环路中段,当前网页找不到元素（价格）,未知类型,暂无信息,暂无信息,暂无信息,3栋,4户
大河坎板金厂家属楼,(南郑区南郑区)汉中市大河坎镇板金厂家属楼,当前网页找不到元素（价格）,塔板结合,0.5元/平米/月,暂无信息,暂无信息,1栋,4户
轻纺总会家属院,(汉台区汉台区)东塔路517号,当前网页找不到元素（价格）,塔板结合,0.4元/平米/月,熠东房地产,汉中市中辉实业开发有限公司,2栋,60户
长空精密制造公司生活区,(南郑区南郑区)迎宾路长空精密制造公司生活区,当前网页找不到元素（价格）,板楼,0.5元/平米/月,暂无信息,暂无信息,5栋,7户
汉中路20号,(汉台区汉台区)汉中路20号,当前网页找不到元素（价格）,未知类型,暂无信息,暂无信息,暂无信息,2栋,21户
汉南苑小区,(南郑区南郑区)南郑大道汉南苑小区,当前网页找不到元素（价格）,塔板结合,0.9元/平米/月,暂无信息,绿地控股集团武汉汉南置业有限公司,4栋,456户
国仕名居,(汉台区汉台区)银滩路211号,当前网页找不到元素（价格）,板楼,0.5至5元/平米/月,海国物业有限公司,暂无信息,4栋,74户
东和尚品,(汉台区汉台区)前进路1454号,当前网页找不到元素（价格）,板楼,0.4元/平米/月,暂无信息,暂无信息,1栋,72户
文星居,(汉台区汉台区)中学巷18号,当前网页找不到元素（价格）,板楼,3.5元/平米/月,暂无信息,无开发商,1栋,36户
汉中市农科所种子库及职工住宅楼,(汉台区汉台区)东塔路415号,当前网页找不到元素（价格）,塔楼,0.8元/平米/月,暂无信息,暂无信息,1栋,99户
天泽小区,(汉台区汉台区)兴汉路446号,当前网页找不到元素（价格）,板楼/平房,0.35至0.4元/平米/月,暂无信息,诸暨祥生祥鹏置业有限公司,3栋,68户
市中医院家属院,(汉台区汉台区)民主巷8号,当前网页找不到元素（价格）,板楼,暂无信息,仁和物业,汉中市中辉实业开发有限公司,6栋,212户
留侯小区,(汉台区汉台区)梁州路留侯小区,当前网页找不到元素（价格）,板楼,0.35元/平米/月,暂无信息,诸暨祥生祥鹏置业有限公司,1栋,56户
西大街粮站家属院,(汉台区汉台区)西大街71号,当前网页找不到元素（价格）,塔板结合,暂无信息,暂无信息,暂无信息,1栋,36户
阳光新居,(南郑区南郑区)海会路阳光新居,当前网页找不到元素（价格）,塔板结合,0.5元/平米/月,无物业管理服务,陵水阳光实业开发有限公司,6栋,303户
天汉大道祥瑞步行街,(汉台区汉台区)天汉大道祥瑞步行街,当前网页找不到元素（价格）,板楼,0.8元/平米/月,祥瑞物业,山西祥瑞发置业有限公司,1栋,37户
天泽滨江丽苑,(汉台区汉台区)益州路天泽滨江丽苑,当前网页找不到元素（价格）,塔楼/板楼/塔板结合,1.2元/平米/月,无物业管理服务,天泽阳光旅游置业有限公司,4栋,258户
金叶家园,(南郑区南郑区)江南西路金叶家园,当前网页找不到元素（价格）,塔板结合,0.9元/平米/月,金房物业,陕西金叶万润置业有限公司,1栋,55户
桃源居,(汉台区汉台区)西环路59号,当前网页找不到元素（价格）,塔板结合,1元/平米/月,方圆物业,暂无信息,2栋,108户
卫生职业技术学院家属楼,(汉台区汉台区)友爱路卫生职业技术学院家属楼,当前网页找不到元素（价格）,板楼,0.4元/平米/月,暂无信息,暂无信息,4栋,151户
丹东丝绸厂家属院,(汉台区汉台区)袁家巷1号,当前网页找不到元素（价格）,板楼,0.3元/平米/月,暂无信息,暂无信息,2栋,107户
欣建小区,(汉台区汉台区)窦家巷欣建小区,当前网页找不到元素（价格）,塔板结合,1.2元/平米/月,欣建物业,	西安大德房地产开发有限公司,1栋,85户
乳业总场家属院,(汉台区汉台区)西环南路8号,当前网页找不到元素（价格）,板楼,0.3元/平米/月,暂无信息,暂无信息,2栋,66户
红枫苑,(汉台区汉台区)明珠路红枫苑,当前网页找不到元素（价格）,板楼,0.5元/平米/月,暂无信息,陕西尤居置业,1栋,17户
地区印刷厂家属院,(汉台区汉台区)将坛东路77号,当前网页找不到元素（价格）,平房,0.3至0.4元/平米/月,无物业管理服务,暂无信息,5栋,89户
汉中市老教师住宅楼,(汉台区汉台区)西大街139号,当前网页找不到元素（价格）,板楼,0.4元/平米/月,暂无信息,暂无信息,1栋,32户
汉台区青龙路一建司综合楼,(汉台区汉台区)青龙路18号,当前网页找不到元素（价格）,板楼,0.3元/平米/月,暂无信息,暂无信息,7栋,339户
石门局家属院,(汉台区汉台区)西环路209号,当前网页找不到元素（价格）,板楼/平房,0.35至0.5元/平米/月,长青物业,无,3栋,85户
汉中供电局住宅区,(汉台区汉台区)前进东路汉中供电局住宅区,当前网页找不到元素（价格）,板楼,0.3至0.46元/平米/月,无,西实置业有限公司,13栋,437户
汉中移动通信住宅小区,(汉台区汉台区)前进路1051号,当前网页找不到元素（价格）,塔板结合,0.8元/平米/月,无物业管理服务,无开发商,3栋,98户
刘家巷搬迁楼,(汉台区汉台区)虎头桥路113号,当前网页找不到元素（价格）,板楼,0.6元/平米/月,暂无信息,暂无信息,2栋,123户
汉星大厦,(汉台区汉台区)中山街11号,当前网页找不到元素（价格）,塔板结合,1元/平米/月,暂无信息,汉中北辰置业有限公司,1栋,96户
海红小区,(汉台区汉台区)环路海红小区,当前网页找不到元素（价格）,板楼,0.35至0.9元/平米/月,陕西浩田物业有限公司,陕西国润集团,6栋,386户
肉联厂家属院,(汉台区汉台区)人民路26号,当前网页找不到元素（价格）,板楼,0.2至0.5元/平米/月,美乐佳物业,暂无信息,5栋,124户
变压器厂家属院,(汉台区汉台区)北一环路变压器厂家属院,当前网页找不到元素（价格）,塔楼/板楼,0.3至0.35元/平米/月,汉中和顺物业公司,万科地产开发有限公司,8栋,279户
汉中地质大队家属院东院,(汉台区汉台区)东塔路汉中地质大队家属院东院,当前网页找不到元素（价格）,板楼/塔板结合/平房,0.15至0.5元/平米/月,汉中鑫辉物业,广州从化汉中实业有限公司,10栋,511户
莲湖茗居,(汉台区汉台区)东建设巷1号,当前网页找不到元素（价格）,塔板结合,0.8元/平米/月,圣华物业,莲湖区教育局,1栋,210户
汉中市教师住宅一小区,(汉台区汉台区)新星北巷汉中市教师住宅一小区,当前网页找不到元素（价格）,板楼,0.5元/平米/月,暂无信息,暂无信息,3栋,110户
汉中市石门水库管理局家属院,(汉台区汉台区)虎桥西街汉中市石门水库管理局家属院,当前网页找不到元素（价格）,塔板结合,0.8元/平米/月,陕西浩田物业有限公司, 大理耀鹏房地产开发有限责任公司,1栋,119户
阳光小筑,(汉台区汉台区)石灰巷21号,当前网页找不到元素（价格）,板楼,0.5元/平米/月,暂无信息,暂无信息,1栋,25户
交警二大队家属楼,(汉台区汉台区)兴汉路交警二大队家属楼,当前网页找不到元素（价格）,塔板结合,0.5元/平米/月,暂无信息, 五指山水墨雨林置业有限公司,1栋,48户
文化局家属院,(汉台区汉台区)南团结街文化局家属院,当前网页找不到元素（价格）,板楼,0.5元/平米/月,暂无信息,暂无信息,1栋,48户
裕华欧洲城,(南郑区南郑区)将军巷裕华欧洲城,当前网页找不到元素（价格）,塔楼/板楼/塔板结合,0.9至1.5元/平米/月,裕泰物业,上海裕华,14栋,452户
双维家园,(南郑区南郑区)海会路双维家园,当前网页找不到元素（价格）,板楼/塔板结合,1元/平米/月,暂无信息,开发区建设集团建设开发分公司开发,3栋,337户
兴汉路国税局家属院,(汉台区汉台区)兴汉路国税局家属院,当前网页找不到元素（价格）,板楼/塔板结合,0.38至15元/平米/月,暂无信息,上海国国置业有限公司,3栋,62户
风景苑小区,(汉台区汉台区)南一环路风景苑小区,当前网页找不到元素（价格）,塔板结合,0.5元/平米/月,汉中鑫辉物业,汉中北辰置业有限公司,2栋,166户
百合国际,(汉台区汉台区)汉丰路百合国际,当前网页找不到元素（价格）,塔楼,1.2元/平米/月,无物业管理服务,暂无信息,1栋,40户
民乐园小区,(汉台区汉台区)民主街10号,当前网页找不到元素（价格）,塔楼/板楼,0.5至0.6元/平米/月,汉中吉祥物业,汉中市中辉实业开发有限公司,2栋,218户
西大街西苑小区,(汉台区汉台区)西大街西苑小区,当前网页找不到元素（价格）,板楼,0.35至1元/平米/月,暂无信息,汉中北辰置业有限公司,5栋,89户
城建花苑,(汉台区汉台区)米仓路95号,当前网页找不到元素（价格）,塔板结合,0.5至1元/平米/月,暂无信息,城建地产,3栋,221户
汉台区财税家属院,(汉台区汉台区)莲湖路汉台区财税家属院,当前网页找不到元素（价格）,板楼,0.4至0.6元/平米/月,无物业管理服务,暂无信息,3栋,91户
地王铭座,(汉台区汉台区)望江路地王铭座,当前网页找不到元素（价格）,板楼,0.5元/平米/月,暂无信息,广西地王投资集团,2栋,46户
延龄大厦,(汉台区汉台区)虎头桥路延龄大厦,当前网页找不到元素（价格）,塔楼/板楼/塔板结合,0.5元/平米/月,汉中延龄房地产开发有限责任公司,河南景园置业有限公司,3栋,83户
兴旺花园,(汉台区汉台区)望江路963号,当前网页找不到元素（价格）,板楼,0.38至0.5元/平米/月,绿都置业, 五指山水墨雨林置业有限公司,4栋,144户
农行汉中分行家属院,(汉台区汉台区)东建设巷11号,当前网页找不到元素（价格）,板楼,0.3元/平米/月,汉丰小区物业, 五指山水墨雨林置业有限公司,2栋,58户
春光华都,(汉台区汉台区)北团结街201号,当前网页找不到元素（价格）,塔板结合,1至1.2元/平米/月,汉水名城南区小区物业, 陕西亿润经贸有限公司 ,3栋,111户
将坛小区,(汉台区汉台区)建国路将坛小区,当前网页找不到元素（价格）,板楼/塔板结合/平房,0.3至0.5元/平米/月,瀚晨房产,保定你我他投资有限公司,5栋,250户
航天新城,(南郑区南郑区)渔营路航天新城,当前网页找不到元素（价格）,塔板结合,0.8至1.2元/平米/月,暂无信息, 陕西亿润经贸有限公司 ,3栋,429户
西苑北区,(汉台区汉台区)环南路18号,当前网页找不到元素（价格）,板楼/塔板结合,0.5元/平米/月,暂无信息,汉中市中辉实业开发有限公司,5栋,473户
云景濠情名园,(汉台区汉台区)庆华路711号,当前网页找不到元素（价格）,板楼,0.38至0.6元/平米/月,无物业管理服务,辽宁云基地置业有限公司,2栋,96户
莲湖路秦峰家属院西院,(汉台区汉台区)莲湖路334号,当前网页找不到元素（价格）,板楼/塔板结合,0.35至0.8元/平米/月,陕西金维物业,四川省聚丰房地产开发有限责任公司1,6栋,373户
陕建十公司家属院,(汉台区汉台区)北团结街201号,当前网页找不到元素（价格）,板楼/塔板结合,0.5元/平米/月,天顺物业,陕西华久置业有限公司 ,6栋,240户
康桥二期,(汉台区汉台区)前进路康桥二期,当前网页找不到元素（价格）,塔楼/板楼/塔板结合,0.45至1.2元/平米/月,润吉物业,上海新建一司,4栋,161户
久麟铭座,(汉台区汉台区)前进路久麟铭座,当前网页找不到元素（价格）,塔板结合,0.9元/平米/月,暂无信息,金广物业,1栋,76户
兴达二号小区,(汉台区汉台区)莲湖东路兴达二号小区,当前网页找不到元素（价格）,板楼,0.35至0.4元/平米/月,暂无信息,三河市兴达置业房产有限公司,6栋,185户
汉中市林业局家属院,(汉台区汉台区)将坛西路汉中市林业局家属院,当前网页找不到元素（价格）,板楼,0.3元/平米/月,汉中中学家属院物业,暂无信息,1栋,36户
清华苑,(汉台区汉台区)刘家中巷15号,当前网页找不到元素（价格）,板楼,0.4元/平米/月,无物业管理服务,无,8栋,308户
幸福嘉苑小区,(南郑区南郑区)幸福路33号,当前网页找不到元素（价格）,塔楼,0.45元/平米/月,暂无信息,暂无信息,6栋,223户
万丰阳光家园,(南郑区南郑区)天汉大道万丰阳光家园,当前网页找不到元素（价格）,塔楼/塔板结合,0.4元/平米/月,万丰物业,上大阳光,5栋,371户
西环路华汉小区,(汉台区汉台区)西环路华汉小区,当前网页找不到元素（价格）,板楼,0.5至1.2元/平米/月,暂无信息,汉中北辰置业有限公司,6栋,294户
宇宏・健康花城,(汉台区汉台区)益州路宇宏・健康花城,当前网页找不到元素（价格）,塔板结合,1至10元/平米/月,暂无信息,天溢实业,5栋,1125户
中核大厦,(汉台区汉台区)新世纪装饰广场南1号,当前网页找不到元素（价格）,塔板结合,0.8元/平米/月,中鼎物业,中核二四建筑公司,1栋,137户
十九街坊小区,(汉台区汉台区)八中巷十九街坊小区,当前网页找不到元素（价格）,板楼,0.38元/平米/月,暂无信息,暂无信息,3栋,120户
汉中中学家属院,(汉台区汉台区)西一环路汉中中学家属院,当前网页找不到元素（价格）,平房,0.6元/平米/月,汉中中学家属院物业,市政开发公司,3栋,68户
天骄佳园,(南郑区南郑区)龙岗路东9号,当前网页找不到元素（价格）,板楼/塔板结合,0.45至1元/平米/月,绿都置业,开天集团,6栋,220户
锦城花园,(汉台区汉台区)前进东路1066号,当前网页找不到元素（价格）,塔楼/板楼/塔板结合,0.38至0.5元/平米/月,汉中和顺物业有限公司,汉中北辰置业有限公司,4栋,220户
新A店家属院,(汉台区汉台区)青年路新A店家属院,当前网页找不到元素（价格）,板楼,0.5元/平米/月,新华书店小区,暂无信息,2栋,70户
东兴花园,(西乡县西乡县)鹿龄路东兴花园,当前网页找不到元素（价格）,未知类型,暂无信息,暂无信息,暂无信息,20栋,995户
欣隆盛馨苑,(洋县洋县)武康路欣隆盛馨苑,当前网页找不到元素（价格）,未知类型,暂无信息,暂无信息,暂无信息,5栋,269户
缙颐天下城,(洋县洋县)金城路1号,当前网页找不到元素（价格）,未知类型,暂无信息,暂无信息,暂无信息,21栋,1180户
田园牧歌西区,(南郑区南郑区)人民路田园牧歌西区,当前网页找不到元素（价格）,板楼/塔板结合,0.6至5.5元/平米/月,暂无信息,北京商建正浩置业有限公司,8栋,79户
缙颐香庭,(洋县洋县)唐塔北路300号,当前网页找不到元素（价格）,未知类型,暂无信息,暂无信息,暂无信息,11栋,693户
庆华阳光,(洋县洋县)梨园大道848号,当前网页找不到元素（价格）,未知类型,暂无信息,暂无信息,暂无信息,13栋,357户
东塔北路小区,(汉台区汉台区)东塔北路椰岛广场,当前网页找不到元素（价格）,板楼/塔板结合,0.5元/平米/月,暂无信息,暂无信息,3栋,56户
蓝天新城,(汉台区汉台区)翠屏路蓝天新城,当前网页找不到元素（价格）,板楼,0.5元/平米/月,暂无信息,暂无信息,7栋,411户
莲花池西建设巷综合楼,(汉台区汉台区)北关街道东塔路430号,当前网页找不到元素（价格）,板楼,0.2元/平米/月,暂无信息,暂无信息,1栋,28户
广厦汉山公馆,(南郑区南郑区)陕西省汉中市南郑区协税镇汉山公馆,当前网页找不到元素（价格）,板楼/塔板结合,1至1.2元/平米/月,暂无信息,天津广厦富城置业有限公司,12栋,184户
天泽茗园,(汉台区汉台区)建国路天泽茗园,当前网页找不到元素（价格）,塔楼/塔板结合,0.9元/平米/月,汉中泽伟房物业,暂无信息,5栋,781户
财校家属院,(汉台区汉台区)东塔北路财校家属院,当前网页找不到元素（价格）,板楼,0.3元/平米/月,暂无信息,暂无信息,2栋,51户
大至天成,(汉台区汉台区)滨江东路大至天成,当前网页找不到元素（价格）,塔板结合,0.9元/平米/月,君盛资产运营有限公司,广州从化汉中实业有限公司,5栋,686户
大河坎板金厂家属楼,(南郑区南郑区)汉中市大河坎镇板金厂家属楼,当前网页找不到元素（价格）,塔板结合,0.5元/平米/月,暂无信息,暂无信息,1栋,4户
轻纺总会家属院,(汉台区汉台区)东塔路517号,当前网页找不到元素（价格）,塔板结合,0.4元/平米/月,熠东房地产,汉中市中辉实业开发有限公司,2栋,60户
市国土局家属院,(汉台区汉台区)陕西省汉中市汉台区北关街道东塔路财富立方,当前网页找不到元素（价格）,板楼,暂无信息,暂无信息,暂无信息,1栋,3户
东塔南路小区,(汉台区汉台区)东塔南路小区,当前网页找不到元素（价格）,未知类型,暂无信息,暂无信息,暂无信息,4栋,39户
广新街,(汉台区汉台区)广新街,当前网页找不到元素（价格）,未知类型,0.9元/平米/月,暂无信息,暂无信息,1栋,192户
至尊门第,(南郑区南郑区)江南东路至尊门第,当前网页找不到元素（价格）,塔板结合,1元/平米/月,暂无信息,暂无信息,3栋,250户
东塔北路市计生局住宅楼,(汉台区汉台区)东塔北路市计生局住宅楼,当前网页找不到元素（价格）,未知类型,暂无信息,暂无信息,暂无信息,2栋,71户
汉航集团家属院北院,(汉台区汉台区)汉台区劳动东路22号,当前网页找不到元素（价格）,板楼,0.45元/平米/月,暂无信息,暂无信息,2栋,64户
汉中市园林绿化管理处家属院,(汉台区汉台区)将坛西路19号院,当前网页找不到元素（价格）,板楼,0.3元/平米/月,暂无信息,暂无信息,2栋,4户
汉中市天味食品厂综合楼,(汉台区汉台区)祥瑞巷25号,当前网页找不到元素（价格）,板楼,0.2元/平米/月,暂无信息,暂无信息,1栋,16户
鹤鸣轩,(汉台区汉台区)兴汉新区,当前网页找不到元素（价格）,未知类型,暂无信息,暂无信息,暂无信息,2栋,3户
牛家桥环卫处家属院,(汉台区汉台区)汉丰北路牛家桥环卫处家属院,当前网页找不到元素（价格）,板楼,暂无信息,暂无信息,暂无信息,1栋,48户
汉台烟草公司家属院,(汉台区汉台区)汉台区北团结街212号汉台烟草公司1号楼204室,当前网页找不到元素（价格）,塔板结合,0.4元/平米/月,暂无信息,暂无信息,2栋,37户
景观小区,(汉台区汉台区)河南会馆巷景观小区,当前网页找不到元素（价格）,塔楼,0.9元/平米/月,莲湖房地产开发有限公司,共康发展集团,1栋,13户
春林迈克公馆,(南郑区南郑区)汉中市东一环路春林迈克公馆,当前网页找不到元素（价格）,板楼,0.3元/平米/月,暂无信息,暂无信息,2栋,119户
轻工局家属院,(汉台区汉台区)汉中市钟楼社区轻工局家属院,当前网页找不到元素（价格）,板楼,0.5元/平米/月,暂无信息,暂无信息,2栋,54户
汉台区前进西路中段商住楼,(汉台区汉台区)汉台区前进西路中段商住楼,当前网页找不到元素（价格）,板楼,0.3元/平米/月,暂无信息,暂无信息,1栋,28户
吾悦天悦府,(汉台区汉台区)汉中市汉台区北关街道西新街,当前网页找不到元素（价格）,塔板结合,1.2元/平米/月,暂无信息,暂无信息,3栋,4户
莱茵小镇,(汉台区汉台区)汉台区龙亭路与供电大道交汇处,当前网页找不到元素（价格）,塔板结合,1.2元/平米/月,暂无信息,暂无信息,17栋,856户
市委家属院,(汉台区汉台区)民众巷市委家属院,当前网页找不到元素（价格）,未知类型,暂无信息,暂无信息,暂无信息,2栋,41户
化工厂家属院,(汉台区汉台区)民主巷化工厂家属院,当前网页找不到元素（价格）,未知类型,暂无信息,暂无信息,暂无信息,2栋,14户
汉中路20号,(汉台区汉台区)汉中路20号,当前网页找不到元素（价格）,未知类型,暂无信息,暂无信息,暂无信息,2栋,21户
汉莲苑,(汉台区汉台区)汉莲苑,当前网页找不到元素（价格）,板楼,1元/平米/月,暂无信息,暂无信息,2栋,37户
西城御景,(汉台区汉台区)羌州中路西城御景,当前网页找不到元素（价格）,板楼,0.3元/平米/月,暂无信息,暂无信息,2栋,177户
汉中市第四中学家属楼,(汉台区汉台区)友爱路汉中市第四中学家属楼,当前网页找不到元素（价格）,板楼,0.4元/平米/月,暂无信息,暂无信息,1栋,46户
北大街33号,(汉台区汉台区)北大街33号,当前网页找不到元素（价格）,板楼,暂无信息,暂无信息,暂无信息,2栋,36户
久麟和苑,(汉台区汉台区)梁州路久麟和苑,当前网页找不到元素（价格）,板楼,0.3元/平米/月,暂无信息,暂无信息,2栋,72户
东塔南路工行家属院,(汉台区汉台区)东塔南路秦峰幼儿园正对面,当前网页找不到元素（价格）,板楼,0.2元/平米/月,暂无信息,暂无信息,3栋,51户
汉上第一街,(汉台区汉台区)南一环路汉上第一街,当前网页找不到元素（价格）,塔板结合,1至1.5元/平米/月,暂无信息,暂无信息,10栋,952户
汉台区西后城汉运司家属院,(汉台区汉台区)文体路汉台区西后城汉运司家属院,当前网页找不到元素（价格）,板楼,0.2元/平米/月,暂无信息,暂无信息,3栋,53户
丰辉小区,(汉台区汉台区)梁州路丰辉小区,当前网页找不到元素（价格）,板楼/塔板结合,0.3至0.8元/平米/月,暂无信息,"""苍南县中富房地产开发有限公司",13栋,530户
蓝天・都市风景,(汉台区汉台区)劳动西路蓝天・都市风景,当前网页找不到元素（价格）,板楼/塔板结合,0.5元/平米/月,蓝天御苑小区物业,汉中北辰置业有限公司,4栋,153户
长青家园,(汉台区汉台区)东一环路长青家园,当前网页找不到元素（价格）,板楼/塔板结合,0.3至0.45元/平米/月,长青物业,长青有限公司,3栋,526户
汉唐国际,(汉台区汉台区)益州路汉唐国际,当前网页找不到元素（价格）,塔板结合,1.2至2元/平米/月,暂无信息,吉林省汉唐置业有限公司,2栋,328户
汉前北巷54号院,(汉台区汉台区)汉前北巷54号,当前网页找不到元素（价格）,板楼,0.3元/平米/月,暂无信息,暂无信息,1栋,62户
华林傥滨春天,(洋县洋县)西环北路华林傥滨春天,当前网页找不到元素（价格）,未知类型,暂无信息,暂无信息,暂无信息,1栋,2户
汉中地区友谊总公司家属院,(汉台区汉台区)北一环路汉中地区友谊总公司家属院,当前网页找不到元素（价格）,板楼,0.8元/平米/月,无物业管理服务,暂无信息,3栋,56户
博雅新居,(城固县城固县)桔园路博雅新居,当前网页找不到元素（价格）,未知类型,暂无信息,暂无信息,暂无信息,20栋,857户
前进路1号小区十街坊,(汉台区汉台区)前进路1号,当前网页找不到元素（价格）,板楼,0.4至0.8元/平米/月,无物业管理服务,暂无信息,2栋,121户
陕西省机械工人技术学校家属院,(汉台区汉台区)西关正街56甲号,当前网页找不到元素（价格）,板楼,0.65元/平米/月,美乐佳物业,市政开发,2栋,48户
天龙小区,(汉台区汉台区)虎桥西路10号,当前网页找不到元素（价格）,板楼,0.5元/平米/月,暂无信息,暂无信息,3栋,27户
市委家属院,(汉台区汉台区)民众巷市委家属院,当前网页找不到元素（价格）,未知类型,暂无信息,暂无信息,暂无信息,2栋,41户
化工厂家属院,(汉台区汉台区)民主巷化工厂家属院,当前网页找不到元素（价格）,未知类型,暂无信息,暂无信息,暂无信息,2栋,14户
西环路中段,(汉台区汉台区)汉台区西环路中段,当前网页找不到元素（价格）,未知类型,暂无信息,暂无信息,暂无信息,3栋,4户
艾斯金谷,(汉台区汉台区)陕西省汉中市汉台区东关街道东一环路39号艾斯金谷,当前网页找不到元素（价格）,板楼,暂无信息,暂无信息,暂无信息,2栋,497户
长空精密制造公司生活区,(南郑区南郑区)迎宾路长空精密制造公司生活区,当前网页找不到元素（价格）,板楼,0.5元/平米/月,暂无信息,暂无信息,5栋,7户
汉中路20号,(汉台区汉台区)汉中路20号,当前网页找不到元素（价格）,未知类型,暂无信息,暂无信息,暂无信息,2栋,21户
吾悦天悦府,(汉台区汉台区)汉中市汉台区北关街道西新街,当前网页找不到元素（价格）,塔板结合,1.2元/平米/月,暂无信息,暂无信息,3栋,4户
汉莲苑,(汉台区汉台区)汉莲苑,当前网页找不到元素（价格）,板楼,1元/平米/月,暂无信息,暂无信息,2栋,37户
莱茵小镇,(汉台区汉台区)汉台区龙亭路与供电大道交汇处,当前网页找不到元素（价格）,塔板结合,1.2元/平米/月,暂无信息,暂无信息,17栋,856户
汉航集团家属院北院,(汉台区汉台区)汉台区劳动东路22号,当前网页找不到元素（价格）,板楼,0.45元/平米/月,暂无信息,暂无信息,2栋,64户
风景路北区,(汉台区汉台区)风景路北区,当前网页找不到元素（价格）,未知类型,1元/平米/月,暂无信息,暂无信息,3栋,241户
陕西省汉中塑料厂家属院,(汉台区汉台区)太白路165号,当前网页找不到元素（价格）,板楼,0.4元/平米/月,暂无信息,暂无信息,3栋,137户
国宾一号,(汉台区汉台区)滨江路国宾一号,当前网页找不到元素（价格）,板楼/塔板结合,1.5元/平米/月,暂无信息,暂无信息,9栋,968户
科技局家属院,(汉台区汉台区)将路科技局家属院,当前网页找不到元素（价格）,塔板结合,暂无信息,暂无信息,暂无信息,1栋,16户
综合南楼小区,(汉台区汉台区)莲湖路739号,当前网页找不到元素（价格）,板楼,0.2元/平米/月,暂无信息,暂无信息,1栋,50户
汉城博郡,(城固县城固县)金华路1号,当前网页找不到元素（价格）,未知类型,暂无信息,暂无信息,暂无信息,13栋,1114户
京丰苑,(城固县城固县)人民路京丰苑,当前网页找不到元素（价格）,未知类型,暂无信息,暂无信息,暂无信息,5栋,153户
丽景花园(洋县),(洋县洋县)武康路汉中丽景花园,当前网页找不到元素（价格）,未知类型,暂无信息,暂无信息,暂无信息,16栋,398户
北关小学家属院,(汉台区汉台区)天汉大道北关小学家属院,当前网页找不到元素（价格）,未知类型,暂无信息,暂无信息,暂无信息,2栋,42户
科迅电子数码城,(汉台区汉台区)天汉大道科迅电子数码城,当前网页找不到元素（价格）,未知类型,暂无信息,暂无信息,暂无信息,1栋,56户
缙颐阳光城,(勉县勉县)武侯北路缙颐阳光城,当前网页找不到元素（价格）,未知类型,暂无信息,暂无信息,暂无信息,26栋,805户
春林迈克公馆,(南郑区南郑区)汉中市东一环路春林迈克公馆,当前网页找不到元素（价格）,板楼,0.3元/平米/月,暂无信息,暂无信息,2栋,119户
轻工局家属院,(汉台区汉台区)汉中市钟楼社区轻工局家属院,当前网页找不到元素（价格）,板楼,0.5元/平米/月,暂无信息,暂无信息,2栋,54户
西城御景,(汉台区汉台区)羌州中路西城御景,当前网页找不到元素（价格）,板楼,0.3元/平米/月,暂无信息,暂无信息,2栋,177户
大河坎板金厂家属楼,(南郑区南郑区)汉中市大河坎镇板金厂家属楼,当前网页找不到元素（价格）,塔板结合,0.5元/平米/月,暂无信息,暂无信息,1栋,4户
中共汉中市委党校宿舍,(汉台区汉台区)中共汉中市委党校中学巷14号,当前网页找不到元素（价格）,未知类型,暂无信息,暂无信息,暂无信息,4栋,6户
汉府龙庭,(南郑区南郑区)陕西省汉中市南郑区城北一路与幸福路交叉口东100米,当前网页找不到元素（价格）,塔板结合,0.9元/平米/月,暂无信息,暂无信息,1栋,3户
汉中市水利水电建筑勘测设计院家属院,(汉台区汉台区)益汉巷6号,当前网页找不到元素（价格）,塔板结合,0.4元/平米/月,暂无信息,暂无信息,2栋,25户
长青林业局,(汉台区汉台区)前进西路,当前网页找不到元素（价格）,板楼,0.3元/平米/月,暂无信息,暂无信息,3栋,4户
缙颐公园悦府,(城固县城固县)京昆线缙颐公园悦府,当前网页找不到元素（价格）,塔板结合,1.5元/平米/月,暂无信息,暂无信息,24栋,1048户
养老经办中心家属院,(汉台区汉台区)粮库巷9号,当前网页找不到元素（价格）,板楼,0.4元/平米/月,暂无信息,暂无信息,2栋,4户
大河坎,(南郑区南郑区)利民东路大河坎,当前网页找不到元素（价格）,塔板结合,0.4元/平米/月,暂无信息,暂无信息,1栋,1户
汉运司家属院,(汉台区汉台区)西环路汉运司家属院,当前网页找不到元素（价格）,板楼,0.3元/平米/月,暂无信息,暂无信息,1栋,30户
福康小区,(汉台区汉台区)人民巷福康小区,当前网页找不到元素（价格）,板楼/平房,0.3元/平米/月,暂无信息,无开发商,2栋,25户
风景路23号院,(汉台区汉台区)风景路23号,当前网页找不到元素（价格）,板楼,0.3元/平米/月,暂无信息,暂无信息,2栋,3户
广新街,(汉台区汉台区)广新街,当前网页找不到元素（价格）,未知类型,0.9元/平米/月,暂无信息,暂无信息,1栋,192户
久麟和苑,(汉台区汉台区)梁州路久麟和苑,当前网页找不到元素（价格）,板楼,0.3元/平米/月,暂无信息,暂无信息,2栋,72户
汉中市第四中学家属楼,(汉台区汉台区)友爱路汉中市第四中学家属楼,当前网页找不到元素（价格）,板楼,0.4元/平米/月,暂无信息,暂无信息,1栋,46户
北大街33号,(汉台区汉台区)北大街33号,当前网页找不到元素（价格）,板楼,暂无信息,暂无信息,暂无信息,2栋,36户
公安巷4号,(汉台区汉台区)公安巷4号楼,当前网页找不到元素（价格）,板楼,0.3元/平米/月,暂无信息,暂无信息,1栋,36户
威龙大厦,(汉台区汉台区)青龙路威龙大厦,当前网页找不到元素（价格）,塔楼,1.2元/平米/月,暂无信息,暂无信息,1栋,84户
汉变新世界二期,(汉台区汉台区)汉台区北关街道站前路北侧,当前网页找不到元素（价格）,板楼/塔板结合,1.2元/平米/月,暂无信息,暂无信息,3栋,141户
河南会馆小区,(汉台区汉台区)莲湖路685号,当前网页找不到元素（价格）,塔板结合,0.4至0.9元/平米/月,汉中新天汉物业管理公司,汉中市中辉实业开发有限公司,6栋,253户
天汉大道祥瑞步行街,(汉台区汉台区)天汉大道祥瑞步行街,当前网页找不到元素（价格）,板楼,0.8元/平米/月,祥瑞物业,山西祥瑞发置业有限公司,1栋,37户
汉中职业技术学院教育学院东塔北路家属院,(汉台区汉台区)东塔路汉中职业技术学院教育学院东塔北路家属院,当前网页找不到元素（价格）,板楼/塔板结合,0.4元/平米/月,无物业管理服务,无开发商,3栋,58户
汉台区前进路邮电局家属院,(汉台区汉台区)前进路汉台区前进路邮电局家属院,当前网页找不到元素（价格）,塔板结合,10元/平米/月,暂无信息,邮电局,1栋,45户
西湖御都,(南郑区南郑区)渔场路12号,当前网页找不到元素（价格）,塔板结合,0.5元/平米/月,天汉家苑物业,暂无信息,8栋,116户
金鑫铭座,(汉台区汉台区)东塔南路金鑫铭座,当前网页找不到元素（价格）,板楼,0.4元/平米/月,暂无信息,汉中北辰置业有限公司,1栋,49户
汉中市教师住宅一小区,(汉台区汉台区)新星北巷汉中市教师住宅一小区,当前网页找不到元素（价格）,板楼,0.5元/平米/月,暂无信息,暂无信息,3栋,110户
汉中市石门水库管理局家属院,(汉台区汉台区)虎桥西街汉中市石门水库管理局家属院,当前网页找不到元素（价格）,塔板结合,0.8元/平米/月,陕西浩田物业有限公司, 大理耀鹏房地产开发有限责任公司,1栋,119户
阳光小筑,(汉台区汉台区)石灰巷21号,当前网页找不到元素（价格）,板楼,0.5元/平米/月,暂无信息,暂无信息,1栋,25户
国瑞大厦,(汉台区汉台区)南一环路国瑞大厦,当前网页找不到元素（价格）,塔板结合,1.2元/平米/月,无物业管理服务,无,1栋,56户
地王铭座,(汉台区汉台区)望江路地王铭座,当前网页找不到元素（价格）,板楼,0.5元/平米/月,暂无信息,广西地王投资集团,2栋,46户
汉台区财税家属院,(汉台区汉台区)莲湖路汉台区财税家属院,当前网页找不到元素（价格）,板楼,0.4至0.6元/平米/月,无物业管理服务,暂无信息,3栋,91户
城建花苑,(汉台区汉台区)米仓路95号,当前网页找不到元素（价格）,塔板结合,0.5至1元/平米/月,暂无信息,城建地产,3栋,221户
兴航小区,(汉台区汉台区)东塔路兴航小区,当前网页找不到元素（价格）,板楼,0.5至0.6元/平米/月,无,暂无信息,5栋,217户
宏江公寓,(勉县勉县)绿缘路宏江公寓,当前网页找不到元素（价格）,未知类型,暂无信息,暂无信息,暂无信息,4栋,114户
汉一中家属院,(汉台区汉台区)汉中市汉台区太白路小洞天火锅,当前网页找不到元素（价格）,板楼,0.5元/平米/月,自持物业,暂无信息,1栋,37户
地王熙苑三期,(汉台区汉台区)汉中市汉台区地震台对面,当前网页找不到元素（价格）,板楼,0.6元/平米/月,暂无信息,暂无信息,6栋,64户
民主街小区,(汉台区汉台区)民主街民主街小区,当前网页找不到元素（价格）,板楼/塔板结合,0.4元/平米/月,暂无信息,暂无信息,2栋,57户
望江路中国银行家属院,(汉台区汉台区)望江路中国银行家属院,当前网页找不到元素（价格）,未知类型,暂无信息,暂无信息,暂无信息,1栋,49户
农行家属院,(汉台区汉台区)莲湖东路农行家属院,当前网页找不到元素（价格）,板楼,0.3元/平米/月,暂无信息,暂无信息,2栋,61户
奥斯顿公馆,(汉台区汉台区)供电大道奥斯顿公馆,当前网页找不到元素（价格）,未知类型,暂无信息,暂无信息,暂无信息,2栋,68户
百隆时代广场住宅楼,(南郑区南郑区)幸福路百隆时代广场住宅楼,当前网页找不到元素（价格）,塔楼,1元/平米/月,汉中鑫辉物业,陕西国润集团,1栋,112户
聚兴南环臻品,(汉台区汉台区)东关街道东关正街48号,当前网页找不到元素（价格）,塔楼,2元/平米/月,暂无信息,暂无信息,2栋,50户
怡盛园,(汉台区汉台区)康复路怡盛园,当前网页找不到元素（价格）,板楼,0.4至1元/平米/月,暂无信息,暂无信息,2栋,55户
椰岛广场西巷,(汉台区汉台区)椰岛广场西巷,当前网页找不到元素（价格）,板楼,暂无信息,无物业管理服务,暂无信息,2栋,4户
明珠南苑二期,(汉台区汉台区)民主街明珠南苑二期,当前网页找不到元素（价格）,塔板结合,1.2元/平米/月,汉中和顺物业有限公司,北京九龙广厦置业有限公司,13栋,2759户
收获机械厂家属院,(汉台区汉台区)天汉大道收获机械厂家属院,当前网页找不到元素（价格）,平房,10元/平米/月,无物业管理服务,汉中北辰置业有限公司,1栋,192户
十号信箱家属院,(汉台区汉台区)西关正街647号,当前网页找不到元素（价格）,平房,0.4元/平米/月,暂无信息,暂无信息,19栋,588户
有色世家星城,(南郑区南郑区)红军路有色世家星城,当前网页找不到元素（价格）,板楼,0.9元/平米/月,暂无信息,暂无信息,6栋,697户
万泰康居城,(汉台区汉台区)龙亭路万泰康居城,当前网页找不到元素（价格）,塔楼/板楼/塔板结合/平房,0.35至1.2元/平米/月,自持物业,广州从化汉中实业有限公司,24栋,2302户
长乐锦绣,(汉台区汉台区)东大街街道办事处虎头桥居委会中心广场东侧长乐锦绣,当前网页找不到元素（价格）,未知类型,暂无信息,暂无信息,暂无信息,1栋,481户
温莎国际,(汉台区汉台区)前进西路温莎国际,当前网页找不到元素（价格）,板楼/塔板结合,1.2至1.5元/平米/月,暂无信息,陕西阳光集团,8栋,1321户
欣星小区,(汉台区汉台区)周公巷2号,当前网页找不到元素（价格）,板楼,0.9元/平米/月,无,上海星欣置业有限公司,1栋,3户
福园阳光里,(汉台区汉台区)兴汉东路福园阳光里,当前网页找不到元素（价格）,板楼,0.5元/平米/月,暂无信息,暂无信息,3栋,113户
陕西医药控股集团汉中药业有限责任公司家属院,(汉台区汉台区)劳动东路18号,当前网页找不到元素（价格）,板楼,0.4元/平米/月,暂无信息,暂无信息,5栋,59户
公路局机械厂家属院,(汉台区汉台区)汉中路公路局机械厂家属院,当前网页找不到元素（价格）,塔板结合,0.4元/平米/月,暂无信息,暂无信息,1栋,1户
天台路农行家属院,(汉台区汉台区)天台路农行家属院,当前网页找不到元素（价格）,板楼,0.4元/平米/月,暂无信息,暂无信息,1栋,48户
电信局高层住宅楼,(汉台区汉台区)西一环路电信局高层住宅楼,当前网页找不到元素（价格）,未知类型,暂无信息,暂无信息,暂无信息,1栋,96户
汉中市第二药材公司天台路家属院,(汉台区汉台区)天台路汉中市第二药材公司天台路家属院,当前网页找不到元素（价格）,未知类型,暂无信息,暂无信息,暂无信息,1栋,42户
汉中恒大雅苑,(南郑区南郑区)南郑大道汉中恒大雅苑,当前网页找不到元素（价格）,板楼,1.2元/平米/月,金碧物业,暂无信息,16栋,1713户
东大街10号,(汉台区汉台区)东大街10号,当前网页找不到元素（价格）,板楼,0.4元/平米/月,暂无信息,暂无信息,1栋,16户
世家景城,(城固县城固县)桔园路世家景城,当前网页找不到元素（价格）,未知类型,暂无信息,暂无信息,暂无信息,8栋,558户
风景路20号,(汉台区汉台区)风景路20号,当前网页找不到元素（价格）,未知类型,暂无信息,暂无信息,暂无信息,1栋,30户
汉前北巷54号院,(汉台区汉台区)汉前北巷54号,当前网页找不到元素（价格）,板楼,0.3元/平米/月,暂无信息,暂无信息,1栋,62户
天爱楼小区,(汉台区汉台区)西大街94号,当前网页找不到元素（价格）,板楼,0.3元/平米/月,暂无信息,暂无信息,1栋,24户
汉中臻华府,(南郑区南郑区)智慧大街汉中臻华府,当前网页找不到元素（价格）,板楼,1.5至1.8元/平米/月,暂无信息,暂无信息,16栋,1686户
太古石巷4号院,(汉台区汉台区)太古石巷4号院,当前网页找不到元素（价格）,板楼,0.3元/平米/月,暂无信息,暂无信息,2栋,34户
华林傥滨春天,(洋县洋县)西环北路华林傥滨春天,当前网页找不到元素（价格）,未知类型,暂无信息,暂无信息,暂无信息,1栋,2户
纺织品公司家属院,(汉台区汉台区)莲湖东路,当前网页找不到元素（价格）,板楼,0.3元/平米/月,暂无信息,暂无信息,2栋,16户
秦峰航空液压责任有限公司家属院,(汉台区汉台区)东塔南路42号,当前网页找不到元素（价格）,板楼,0.4元/平米/月,暂无信息,暂无信息,4栋,67户
汉宁小区,(汉台区汉台区)天汉大道汉宁小区,当前网页找不到元素（价格）,板楼,0.2元/平米/月,暂无信息,暂无信息,2栋,32户
人保公司家属院,(汉台区汉台区)西环北路18号,当前网页找不到元素（价格）,板楼,0.3元/平米/月,暂无信息,暂无信息,2栋,16户
市房管局家属楼,(汉台区汉台区)汉台区西大街民主巷169号西侧,当前网页找不到元素（价格）,板楼,0.4元/平米/月,暂无信息,暂无信息,2栋,16户
云景大厦,(汉台区汉台区)莲湖东路云景大厦,当前网页找不到元素（价格）,塔板结合,3元/平米/月,暂无信息,暂无信息,2栋,536户
东塔北路市计生局住宅楼,(汉台区汉台区)东塔北路市计生局住宅楼,当前网页找不到元素（价格）,未知类型,暂无信息,暂无信息,暂无信息,2栋,71户
黄家塘,(汉台区汉台区)汉前北巷黄家塘,当前网页找不到元素（价格）,板楼,0.3元/平米/月,暂无信息,暂无信息,3栋,105户
城南新贵,(汉台区汉台区)风景路43号,当前网页找不到元素（价格）,板楼/塔板结合,0.8元/平米/月,汉水名城南区小区物业,东建集团,3栋,91户
公路局家属院,(汉台区汉台区)兴汉路公路局家属院,当前网页找不到元素（价格）,未知类型,暂无信息,暂无信息,暂无信息,2栋,21户
汉中市天味食品厂综合楼,(汉台区汉台区)祥瑞巷25号,当前网页找不到元素（价格）,板楼,0.2元/平米/月,暂无信息,暂无信息,1栋,16户
汉台区前进西路中段商住楼,(汉台区汉台区)汉台区前进西路中段商住楼,当前网页找不到元素（价格）,板楼,0.3元/平米/月,暂无信息,暂无信息,1栋,28户
汉中国家税务局家属院,(汉台区汉台区)天汉大道汉中国家税务局家属院,当前网页找不到元素（价格）,板楼,0.4元/平米/月,暂无信息,暂无信息,2栋,63户
汉中师范学校,(汉台区汉台区)文化街85号,当前网页找不到元素（价格）,未知类型,暂无信息,暂无信息,暂无信息,5栋,127户
东塔南路工行家属院,(汉台区汉台区)东塔南路秦峰幼儿园正对面,当前网页找不到元素（价格）,板楼,0.2元/平米/月,暂无信息,暂无信息,3栋,51户
汉台区税务局家属院,(汉台区汉台区)北团结街83号西侧汉中饭店后院,当前网页找不到元素（价格）,板楼,0.3元/平米/月,暂无信息,暂无信息,2栋,44户
二药司家属院,(汉台区汉台区)中营坝巷二药司家属院,当前网页找不到元素（价格）,板楼,0.3元/平米/月,暂无信息,暂无信息,1栋,24户
地委家属院,(汉台区汉台区)袁家巷地委家属院,当前网页找不到元素（价格）,塔板结合,0.4元/平米/月,暂无信息,暂无信息,2栋,64户
聋哑学校家属院,(汉台区汉台区)南团结街201号,当前网页找不到元素（价格）,板楼,0.4元/平米/月,暂无信息,暂无信息,1栋,36户
邮政局家属院,(汉台区汉台区)东大街邮政局家属院,当前网页找不到元素（价格）,板楼,0.3元/平米/月,暂无信息,暂无信息,1栋,1户
春煦花苑,(城固县城固县)桔园路春煦花苑,当前网页找不到元素（价格）,未知类型,暂无信息,暂无信息,暂无信息,12栋,573户
拜将坛路公路局家属院,(汉台区汉台区)拜将坛路公路局家属院,当前网页找不到元素（价格）,未知类型,暂无信息,暂无信息,暂无信息,2栋,80户
福斯特大厦,(汉台区汉台区)天汉大道3201医院东南福斯特大厦,当前网页找不到元素（价格）,塔楼,0.9元/平米/月,暂无信息,暂无信息,1栋,1户
汉中市人民医院家属院,(汉台区汉台区)西大街汉中市人民医院家属院,当前网页找不到元素（价格）,未知类型,暂无信息,暂无信息,暂无信息,1栋,48户
汉变新世界一期,(汉台区汉台区)北一环路汉变新世界一期,当前网页找不到元素（价格）,塔板结合,1至1.2元/平米/月,暂无信息,暂无信息,3栋,182户
汉台烟草公司家属院,(汉台区汉台区)汉台区北团结街212号汉台烟草公司1号楼204室,当前网页找不到元素（价格）,塔板结合,0.4元/平米/月,暂无信息,暂无信息,2栋,37户
景观小区,(汉台区汉台区)河南会馆巷景观小区,当前网页找不到元素（价格）,塔楼,0.9元/平米/月,莲湖房地产开发有限公司,共康发展集团,1栋,13户
化工厂家属院,(汉台区汉台区)民主巷化工厂家属院,当前网页找不到元素（价格）,未知类型,暂无信息,暂无信息,暂无信息,2栋,14户
久麟和苑,(汉台区汉台区)梁州路久麟和苑,当前网页找不到元素（价格）,板楼,0.3元/平米/月,暂无信息,暂无信息,2栋,72户
北大街33号,(汉台区汉台区)北大街33号,当前网页找不到元素（价格）,板楼,暂无信息,暂无信息,暂无信息,2栋,36户
东塔南路工行家属院,(汉台区汉台区)东塔南路秦峰幼儿园正对面,当前网页找不到元素（价格）,板楼,0.2元/平米/月,暂无信息,暂无信息,3栋,51户
汉中市第四中学家属楼,(汉台区汉台区)友爱路汉中市第四中学家属楼,当前网页找不到元素（价格）,板楼,0.4元/平米/月,暂无信息,暂无信息,1栋,46户
汉中国家税务局家属院,(汉台区汉台区)天汉大道汉中国家税务局家属院,当前网页找不到元素（价格）,板楼,0.4元/平米/月,暂无信息,暂无信息,2栋,63户
汉中师范学校,(汉台区汉台区)文化街85号,当前网页找不到元素（价格）,未知类型,暂无信息,暂无信息,暂无信息,5栋,127户
财校家属院,(汉台区汉台区)东塔北路财校家属院,当前网页找不到元素（价格）,板楼,0.3元/平米/月,暂无信息,暂无信息,2栋,51户
农业生产资料总公司家属院,(汉台区汉台区)兴汉路1号,当前网页找不到元素（价格）,板楼,暂无信息,暂无信息,暂无信息,1栋,54户
城投汉里,(汉台区汉台区)北一环路城投汉里,当前网页找不到元素（价格）,塔板结合,1元/平米/月,暂无信息,暂无信息,4栋,420户
广厦汉山公馆,(南郑区南郑区)陕西省汉中市南郑区协税镇汉山公馆,当前网页找不到元素（价格）,板楼/塔板结合,1至1.2元/平米/月,暂无信息,天津广厦富城置业有限公司,12栋,184户
北大街祥瑞巷20号,(汉台区汉台区)北大街祥瑞巷20号,当前网页找不到元素（价格）,板楼,0.45元/平米/月,暂无信息,暂无信息,1栋,20户
城建小区,(汉台区汉台区)建宁巷1号,当前网页找不到元素（价格）,板楼,0.5元/平米/月,暂无信息,暂无信息,4栋,29户
兴汉路中段市场住宅楼,(汉台区汉台区)兴汉路中段,当前网页找不到元素（价格）,板楼,0.3元/平米/月,暂无信息,暂无信息,1栋,3户
大至天成,(汉台区汉台区)滨江东路大至天成,当前网页找不到元素（价格）,塔板结合,0.9元/平米/月,君盛资产运营有限公司,广州从化汉中实业有限公司,5栋,686户
宏江公寓,(勉县勉县)绿缘路宏江公寓,当前网页找不到元素（价格）,未知类型,暂无信息,暂无信息,暂无信息,4栋,114户
农行家属院南院,(汉台区汉台区)拜将坛巷农行家属院南院,当前网页找不到元素（价格）,板楼,0.2元/平米/月,暂无信息,暂无信息,1栋,40户
欣荣大厦,(汉台区汉台区)莲湖东路138号,当前网页找不到元素（价格）,塔楼,1.4元/平米/月,无物业管理服务,暂无信息,2栋,50户
汉台区西后城汉运司家属院,(汉台区汉台区)文体路汉台区西后城汉运司家属院,当前网页找不到元素（价格）,板楼,0.2元/平米/月,暂无信息,暂无信息,3栋,53户
海洋铭座,(汉台区汉台区)南一环路海洋铭座,当前网页找不到元素（价格）,塔板结合,1.2元/平米/月,暂无信息,暂无信息,5栋,894户
汉中市财政局家属楼,(汉台区汉台区)将坛路汉中市财政局家属楼,当前网页找不到元素（价格）,板楼,0.6元/平米/月,清华物业管理,物业和度娘都不知道开发商名称,3栋,72户
陕西医药控股集团汉中药业有限责任公司家属院,(汉台区汉台区)劳动东路18号,当前网页找不到元素（价格）,板楼,0.4元/平米/月,暂无信息,暂无信息,5栋,59户
兴汉路10号,(汉台区汉台区)汉中市汉台区兴汉路10号住宅楼3层0304室,当前网页找不到元素（价格）,板楼,0.4元/平米/月,暂无信息,暂无信息,1栋,1户
幺儿拐南街7号院南关小区,(汉台区汉台区)幺儿拐南街,当前网页找不到元素（价格）,塔板结合,暂无信息,暂无信息,暂无信息,1栋,3户
铺镇派出所家属院,(汉台区汉台区)前进路铺镇派出所家属院,当前网页找不到元素（价格）,未知类型,暂无信息,暂无信息,暂无信息,1栋,36户
蔬菜局家属院,(汉台区汉台区)天汉大道534号,当前网页找不到元素（价格）,未知类型,暂无信息,暂无信息,暂无信息,1栋,41户
天爷庙商品楼,(汉台区汉台区)天爷庙巷67号,当前网页找不到元素（价格）,未知类型,暂无信息,暂无信息,暂无信息,1栋,25户
世家景城,(城固县城固县)桔园路世家景城,当前网页找不到元素（价格）,未知类型,暂无信息,暂无信息,暂无信息,8栋,558户
汉源居,(汉台区汉台区)建国路汉源居,当前网页找不到元素（价格）,板楼,0.3元/平米/月,暂无信息,暂无信息,1栋,18户
西后城,(汉台区汉台区)劳动中路西后城,当前网页找不到元素（价格）,板楼,0.5元/平米/月,暂无信息,暂无信息,5栋,131户
长线局家属院,(汉台区汉台区)汉台区长线局虎桥西路1号楼5层502室,当前网页找不到元素（价格）,板楼,0.4元/平米/月,暂无信息,暂无信息,1栋,1户
石灰巷建设银行家属院,(汉台区汉台区)石灰巷建设银行家属院,当前网页找不到元素（价格）,未知类型,暂无信息,暂无信息,暂无信息,1栋,40户
商务局家属院,(汉台区汉台区)山西会馆巷7号,当前网页找不到元素（价格）,板楼,0.3元/平米/月,暂无信息,暂无信息,1栋,8户
风景路23号院,(汉台区汉台区)风景路23号,当前网页找不到元素（价格）,板楼,0.3元/平米/月,暂无信息,暂无信息,2栋,3户
大汉锦绣,(汉台区汉台区)青年路,当前网页找不到元素（价格）,板楼/塔板结合,1.2元/平米/月,暂无信息,暂无信息,5栋,187户
区检察院家属楼,(汉台区汉台区)风景路西口检察院家属院东小院,当前网页找不到元素（价格）,板楼,0.3元/平米/月,暂无信息,暂无信息,2栋,61户
旭辉名居,(汉台区汉台区)陕西省汉中市汉台区中山街街道建宁巷城建花苑,当前网页找不到元素（价格）,未知类型,暂无信息,暂无信息,暂无信息,1栋,1户
天爷庙巷67号,(汉台区汉台区)陕西省汉中市汉台区汉中路街道天爷庙巷67号汉中市实验小学,当前网页找不到元素（价格）,未知类型,暂无信息,暂无信息,暂无信息,1栋,2户
汉中饭店一号楼,(汉台区汉台区)北团结街汉中饭店一号楼,当前网页找不到元素（价格）,板楼,0.35元/平米/月,暂无信息,暂无信息,1栋,48户
大汉城邦,(汉台区汉台区)滨江路大汉城邦,当前网页找不到元素（价格）,塔板结合,1.2元/平米/月,暂无信息,暂无信息,4栋,224户
挂匾巷93号,(汉台区汉台区)挂匾巷93号,当前网页找不到元素（价格）,未知类型,暂无信息,暂无信息,暂无信息,1栋,30户
汉台区兴汉路工程队楼,(汉台区汉台区)汉中市汉台区农村公路管理局,当前网页找不到元素（价格）,未知类型,暂无信息,暂无信息,暂无信息,1栋,1户
东建设巷25号,(汉台区汉台区)汉台区东大街办事处西建设巷25号,当前网页找不到元素（价格）,未知类型,暂无信息,暂无信息,暂无信息,1栋,1户
恒一国际公寓酒店,(汉台区汉台区)康复路恒一国际公寓酒店,当前网页找不到元素（价格）,塔楼,1元/平米/月,暂无信息,暂无信息,1栋,211户
商校家属院,(汉台区汉台区)陕西省汉中市汉台区东关街道东一环路陕西省商业学校,当前网页找不到元素（价格）,未知类型,暂无信息,暂无信息,暂无信息,1栋,1户
青龙观刘家营1号小区,(汉台区汉台区)北一环路青龙观刘家营1号小区,当前网页找不到元素（价格）,塔板结合,0.5元/平米/月,暂无信息,暂无信息,3栋,132户
涟水园,(勉县勉县)汉江路涟水园,当前网页找不到元素（价格）,未知类型,暂无信息,暂无信息,暂无信息,3栋,84户
汉江・森林城,(汉台区汉台区)陕西省汉中市汉台区东关街道汉江森林城(建设中),当前网页找不到元素（价格）,塔板结合,1.5元/平米/月,暂无信息,暂无信息,2栋,232户
铺镇派出所家属院,(汉台区汉台区)前进路铺镇派出所家属院,当前网页找不到元素（价格）,未知类型,暂无信息,暂无信息,暂无信息,1栋,36户
一建司家属院,(汉台区汉台区)劳动西路15号,当前网页找不到元素（价格）,未知类型,暂无信息,暂无信息,暂无信息,1栋,57户
中学巷工行家属院,(汉台区汉台区)中学巷工行家属院,当前网页找不到元素（价格）,未知类型,暂无信息,暂无信息,暂无信息,1栋,48户
幺儿拐南街7号院南关小区,(汉台区汉台区)幺儿拐南街,当前网页找不到元素（价格）,塔板结合,暂无信息,暂无信息,暂无信息,1栋,3户
逸尚居小区,(南郑区南郑区)南郑县汉山镇西大街,当前网页找不到元素（价格）,未知类型,暂无信息,暂无信息,暂无信息,1栋,1户
水韵桃源,(勉县勉县)贾旗路水韵桃源,当前网页找不到元素（价格）,未知类型,暂无信息,暂无信息,暂无信息,8栋,199户
蔬菜局家属院,(汉台区汉台区)天汉大道534号,当前网页找不到元素（价格）,未知类型,暂无信息,暂无信息,暂无信息,1栋,41户
天爷庙商品楼,(汉台区汉台区)天爷庙巷67号,当前网页找不到元素（价格）,未知类型,暂无信息,暂无信息,暂无信息,1栋,25户
长青林业局,(汉台区汉台区)前进西路,当前网页找不到元素（价格）,板楼,0.3元/平米/月,暂无信息,暂无信息,3栋,4户
汉中日报社家属楼,(汉台区汉台区)中山街41号,当前网页找不到元素（价格）,板楼,0.3元/平米/月,暂无信息,暂无信息,5栋,98户
东和汇景公寓楼,(汉台区汉台区)南团结街,当前网页找不到元素（价格）,平房,1元/平米/月,惠泽物业,赤峰惠泽天诚置业有限公司,1栋,24户
中心国际,(汉台区汉台区)汉台区人民路与五一路交叉口,当前网页找不到元素（价格）,板楼/塔板结合,1.2元/平米/月,暂无信息,暂无信息,2栋,1201户
锦都名居,(汉台区汉台区)虎桥西路319号,当前网页找不到元素（价格）,塔板结合,1元/平米/月,汉中鑫辉物业,广汉中岭置业有限公司,1栋,181户
汉泉菁华里,(汉台区汉台区)滨江路汉泉菁华里,当前网页找不到元素（价格）,板楼/塔板结合,1.5元/平米/月,暂无信息,暂无信息,5栋,380户
万泰・博望城,(汉台区汉台区)南郑大道万泰・博望城,当前网页找不到元素（价格）,板楼/塔板结合,0.5至1.5元/平米/月,无物业管理服务,上海万泰城市建设有限公司,18栋,594户
中航大厦,(汉台区汉台区)前进中路39号,当前网页找不到元素（价格）,板楼,0.8元/平米/月,暂无信息,广汉中岭置业有限公司,1栋,76户
明珠园小区,(汉台区汉台区)西关正街明珠园小区,当前网页找不到元素（价格）,板楼,0.5元/平米/月,新华小区物业,汉中市中辉实业开发有限公司,10栋,474户
丰辉小区,(汉台区汉台区)梁州路丰辉小区,当前网页找不到元素（价格）,板楼/塔板结合,0.3至0.8元/平米/月,暂无信息,"""苍南县中富房地产开发有限公司",13栋,530户
蓝天・都市风景,(汉台区汉台区)劳动西路蓝天・都市风景,当前网页找不到元素（价格）,板楼/塔板结合,0.5元/平米/月,蓝天御苑小区物业,汉中北辰置业有限公司,4栋,153户
公检法家属院,(汉台区汉台区)周公巷公检法家属院小区,当前网页找不到元素（价格）,塔板结合,0.3元/平米/月,暂无信息,暂无信息,1栋,5户
莲湖路北祥座小区,(汉台区汉台区)莲湖路600号,当前网页找不到元素（价格）,塔楼,0.6元/平米/月,暂无信息,四川省聚丰房地产开发有限责任公司1,1栋,209户
汉中秦汉造纸总厂家属院,(汉台区汉台区)滨江东路汉中秦汉造纸总厂家属院,当前网页找不到元素（价格）,板楼,0.4元/平米/月,暂无信息,暂无信息,8栋,316户
御景名都,(汉台区汉台区)石马路御景名都,当前网页找不到元素（价格）,塔楼/板楼,0.6至0.9元/平米/月,天顺物业,无,19栋,818户
祥瑞太阳城商住楼,(汉台区汉台区)天汉大道祥瑞太阳城,当前网页找不到元素（价格）,塔板结合,0.8元/平米/月,祥瑞物业,山西景祥瑞置业有限公司,1栋,78户
旭辉名居,(汉台区汉台区)陕西省汉中市汉台区中山街街道建宁巷城建花苑,当前网页找不到元素（价格）,未知类型,暂无信息,暂无信息,暂无信息,1栋,1户
汉中饭店一号楼,(汉台区汉台区)北团结街汉中饭店一号楼,当前网页找不到元素（价格）,板楼,0.35元/平米/月,暂无信息,暂无信息,1栋,48户
恒一国际公寓酒店,(汉台区汉台区)康复路恒一国际公寓酒店,当前网页找不到元素（价格）,塔楼,1元/平米/月,暂无信息,暂无信息,1栋,211户
南岸相府,(南郑区南郑区)江南东路南岸相府,当前网页找不到元素（价格）,塔板结合,0.9元/平米/月,中鼎物业,开发区建设集团建设开发分公司开发,2栋,432户
长青家园,(汉台区汉台区)东一环路长青家园,当前网页找不到元素（价格）,板楼/塔板结合,0.3至0.45元/平米/月,长青物业,长青有限公司,3栋,526户
有色世家星城,(南郑区南郑区)红军路有色世家星城,当前网页找不到元素（价格）,板楼,0.9元/平米/月,暂无信息,暂无信息,6栋,697户
枫桥茗苑,(汉台区汉台区)兴汉路枫桥茗苑,当前网页找不到元素（价格）,板楼,暂无信息,暂无信息,暂无信息,8栋,153户
人民银行家属院,(汉台区汉台区)莲湖路人民银行家属院,当前网页找不到元素（价格）,板楼,0.3元/平米/月,暂无信息,暂无信息,1栋,60户
丰辉龙亭园小区,(汉台区汉台区)光明路丰辉龙亭园小区,当前网页找不到元素（价格）,板楼/平房,1至1.3元/平米/月,仁和物业,平泉丰辉投资服务有限公司,27栋,1005户
汉唐国际,(汉台区汉台区)益州路汉唐国际,当前网页找不到元素（价格）,塔板结合,1.2至2元/平米/月,暂无信息,吉林省汉唐置业有限公司,2栋,328户
十号信箱家属院,(汉台区汉台区)西关正街647号,当前网页找不到元素（价格）,平房,0.4元/平米/月,暂无信息,暂无信息,19栋,588户
明珠南苑二期,(汉台区汉台区)民主街明珠南苑二期,当前网页找不到元素（价格）,塔板结合,1.2元/平米/月,汉中和顺物业有限公司,北京九龙广厦置业有限公司,13栋,2759户
收获机械厂家属院,(汉台区汉台区)天汉大道收获机械厂家属院,当前网页找不到元素（价格）,平房,10元/平米/月,无物业管理服务,汉中北辰置业有限公司,1栋,192户
万泰康居城,(汉台区汉台区)龙亭路万泰康居城,当前网页找不到元素（价格）,塔楼/板楼/塔板结合/平房,0.35至1.2元/平米/月,自持物业,广州从化汉中实业有限公司,24栋,2302户
长乐锦绣,(汉台区汉台区)东大街街道办事处虎头桥居委会中心广场东侧长乐锦绣,当前网页找不到元素（价格）,未知类型,暂无信息,暂无信息,暂无信息,1栋,481户
温莎国际,(汉台区汉台区)前进西路温莎国际,当前网页找不到元素（价格）,板楼/塔板结合,1.2至1.5元/平米/月,暂无信息,陕西阳光集团,8栋,1321户
欣星小区,(汉台区汉台区)周公巷2号,当前网页找不到元素（价格）,板楼,0.9元/平米/月,无,上海星欣置业有限公司,1栋,3户
温莎国际,(汉台区汉台区)前进西路温莎国际,当前网页找不到元素（价格）,板楼/塔板结合,1.2至1.5元/平米/月,暂无信息,陕西阳光集团,8栋,1321户
滨江印象,(汉台区汉台区)西新街滨江印象,当前网页找不到元素（价格）,塔板结合,1元/平米/月,无物业管理服务,陕西金泰恒业,1栋,115户
丰辉龙亭园小区,(汉台区汉台区)光明路丰辉龙亭园小区,当前网页找不到元素（价格）,板楼/平房,1至1.3元/平米/月,仁和物业,平泉丰辉投资服务有限公司,27栋,1005户
丰辉铭座,(汉台区汉台区)劳动西路丰辉铭座,当前网页找不到元素（价格）,板楼,0.8元/平米/月,中鼎物业,广州城建发地产,1栋,112户
华建小区,(汉台区汉台区)莲湖路710号,当前网页找不到元素（价格）,板楼,0.5元/平米/月,汉中和顺物业公司,上海华建置业有限公司,3栋,156户
十号信箱家属院,(汉台区汉台区)西关正街647号,当前网页找不到元素（价格）,平房,0.4元/平米/月,暂无信息,暂无信息,19栋,588户
明珠南苑二期,(汉台区汉台区)民主街明珠南苑二期,当前网页找不到元素（价格）,塔板结合,1.2元/平米/月,汉中和顺物业有限公司,北京九龙广厦置业有限公司,13栋,2759户
有色世家星城,(南郑区南郑区)红军路有色世家星城,当前网页找不到元素（价格）,板楼,0.9元/平米/月,暂无信息,暂无信息,6栋,697户
清水湾,(汉台区汉台区)虎头桥路清水湾,当前网页找不到元素（价格）,塔楼/板楼/塔板结合,1.2至1.5元/平米/月,汉中新天汉物业管理公司,城开集团汉麒公司,12栋,1563户
时代嘉都,(汉台区汉台区)石马路733号,当前网页找不到元素（价格）,板楼/塔板结合,0.9至1.2元/平米/月,暂无信息,广汉中岭置业有限公司,6栋,573户
西城丽景,(汉台区汉台区)劳动西路599号,当前网页找不到元素（价格）,板楼,0.5元/平米/月,仁和物业,汉中龙腾雅居房地产开发有限公司,5栋,204户
城市花园东区,(南郑区南郑区)司法路91号,当前网页找不到元素（价格）,板楼,0.6元/平米/月,暂无信息,暂无信息,8栋,9户
金泰・滨江花城,(汉台区汉台区)虎头桥路金泰・滨江花城,当前网页找不到元素（价格）,塔板结合,1.2元/平米/月,君盛资产运营有限公司,陕西金泰恒业,27栋,1786户
汉水名城阅府,(汉台区汉台区)兴元路汉水名城阅府,当前网页找不到元素（价格）,板楼/塔板结合,1.2元/平米/月,汉中新天汉物业管理公司,陕西金泰恒业,27栋,1752户
中交滨江国际,(汉台区汉台区)滨江西路汉中中交滨江国际四期,当前网页找不到元素（价格）,板楼/塔板结合,1.2至1.5元/平米/月,艺苑房地产,中交置业有限公司,42栋,3788户
缙颐缇香郡,(南郑区南郑区)实燕路缙颐缇香郡,当前网页找不到元素（价格）,板楼,1.5元/平米/月,仁和物业, 重庆汇东房地产开发有限公司,13栋,620户
晨晖帝景府,(汉台区汉台区)滨江路1号,当前网页找不到元素（价格）,塔板结合,1至1.2元/平米/月,丽景物业, 重庆桥达茂宸房地产开发有限公司,7栋,769户
汉江首府,(汉台区汉台区)滨江东路汉江首府,当前网页找不到元素（价格）,塔板结合,1.5至2元/平米/月,陕西天府怡和物业服务有限公司,四川中青置业有限公司,16栋,2072户
中青国际社区二期,(汉台区汉台区)梁州路中青国际社区二期,当前网页找不到元素（价格）,板楼,1.2至1.5元/平米/月,世家物业,四川中青置业有限公司,10栋,197户
滨江半岛,(汉台区汉台区)梁州路滨江半岛,当前网页找不到元素（价格）,板楼/塔板结合,0.8至1.5元/平米/月,绿都置业,上海中房滨江房产有限公司,13栋,961户
和花@,(汉台区汉台区)东大街龙和花园,当前网页找不到元素（价格）,板楼/塔板结合,1至1.2元/平米/月,无物业管理服务,重庆东和花园物业管理有限公司,4栋,539户
望江公馆,(汉台区汉台区)汉宁路望江公馆,当前网页找不到元素（价格）,板楼/塔板结合,0.9至1.2元/平米/月,益汉小区,诸暨祥生祥鹏置业有限公司,4栋,301户
鑫辉西部建材城,(汉台区汉台区)西环路鑫辉西部建材城,当前网页找不到元素（价格）,塔楼/板楼,0.8元/平米/月,暂无信息,无开发商,2栋,450户
汉府公馆,(汉台区汉台区)西一环路8号,当前网页找不到元素（价格）,板楼/塔板结合,1.2至1.5元/平米/月,西安怡人物业,汉中北辰置业有限公司,6栋,598户
王家巷小区,(汉台区汉台区)东关正街王家巷小区,当前网页找不到元素（价格）,板楼,0.4元/平米/月,暂无信息,暂无信息,2栋,79户
魅力之城,(汉台区汉台区)西大街1号,当前网页找不到元素（价格）,塔板结合,1至3元/平米/月,暂无信息,暂无信息,2栋,169户
滨江半岛翡翠城,(汉台区汉台区)益州路滨江半岛翡翠城,当前网页找不到元素（价格）,塔板结合,1.5元/平米/月,暂无信息,暂无信息,4栋,215户
泊岸华庭,(汉台区汉台区)滨江东路泊岸华庭,当前网页找不到元素（价格）,塔板结合,3元/平米/月,暂无信息,开发区建设集团建设开发分公司开发,1栋,102户
茶城茗座,(汉台区汉台区)茶城茗座,当前网页找不到元素（价格）,塔板结合,1.2元/平米/月,暂无信息,暂无信息,4栋,137户
东大街34号,(汉台区汉台区)东大街34号,当前网页找不到元素（价格）,板楼,0.3元/平米/月,暂无信息,暂无信息,1栋,1户
怡馨园小区,(汉台区汉台区)西一环路617号,当前网页找不到元素（价格）,板楼,0.5元/平米/月,仁和物业,汉中市中辉实业开发有限公司,4栋,10户
竹园圣江悦,(南郑区南郑区)江南东路竹园圣江悦,当前网页找不到元素（价格）,板楼/塔板结合,0.5至5元/平米/月,暂无信息,陕西竹园村置业有限公司,11栋,217户
滨江公园壹号,(汉台区汉台区)恒业路滨江公园壹号,当前网页找不到元素（价格）,板楼/塔板结合,1.5至1.8元/平米/月,暂无信息,暂无信息,26栋,488户
龙岗一品,(南郑区南郑区)龙岗大道龙岗一品,当前网页找不到元素（价格）,板楼/塔板结合,2至2.8元/平米/月,暂无信息,暂无信息,46栋,334户
蓝城・春风江南,(汉台区汉台区)西二环路蓝城・春风江南,当前网页找不到元素（价格）,板楼,1.8元/平米/月,暂无信息,暂无信息,22栋,674户
圣桦龙湾半岛,(南郑区南郑区)龙港大桥圣桦龙湾半岛,当前网页找不到元素（价格）,板楼,1.3至1.8元/平米/月,南郑县安信物业管理有限公司,汉中圣美嘉实业有限公司,21栋,836户
大华尚府,(南郑区南郑区)江南西路大华尚府,当前网页找不到元素（价格）,塔楼/板楼/塔板结合,0.9至2.2元/平米/月,仁和物业,开发区建设集团建设开发分公司开发,16栋,744户
新天汉时代滨江,(汉台区汉台区)兴元路新天汉时代滨江,当前网页找不到元素（价格）,板楼/塔板结合,1.2至1.6元/平米/月,汉中新天汉物业管理公司,暂无信息,22栋,2016户
三监高层家属院,(汉台区汉台区)太白路5号,当前网页找不到元素（价格）,塔板结合,1元/平米/月,暂无信息,暂无信息,1栋,121户
缙颐玫瑰庄园,(汉台区汉台区)汉中市汉台区滨江西路东200米缙颐玫瑰庄园,当前网页找不到元素（价格）,板楼/塔板结合/平房,1.2至1.8元/平米/月,缙颐物业,重庆市渝北房屋开发公司,37栋,1532户
盛世国际二期,(汉台区汉台区)陕西省汉中市汉台区东关街道盛世国际盛世国际商业广场,当前网页找不到元素（价格）,板楼,暂无信息,暂无信息,暂无信息,2栋,909户
紫岚居,(汉台区汉台区)光明路1号,当前网页找不到元素（价格）,板楼,0.35元/平米/月,暂无信息, 重庆汇东房地产开发有限公司,3栋,92户
新天汉时代滨江,(汉台区汉台区)兴元路新天汉时代滨江,当前网页找不到元素（价格）,板楼/塔板结合,1.2至1.6元/平米/月,汉中新天汉物业管理公司,暂无信息,22栋,2016户
缙颐玫瑰庄园,(汉台区汉台区)汉中市汉台区滨江西路东200米缙颐玫瑰庄园,当前网页找不到元素（价格）,板楼/塔板结合/平房,1.2至1.8元/平米/月,缙颐物业,重庆市渝北房屋开发公司,37栋,1532户
滨江新荣府,(汉台区汉台区)滨江西路滨江新荣府,当前网页找不到元素（价格）,板楼,1.5元/平米/月,暂无信息,暂无信息,8栋,823户
陕西亿丰国际商贸城,(汉台区汉台区)陕西省汉中市汉台区七里街道掌上明珠家居亿丰直营店,当前网页找不到元素（价格）,塔板结合,1.5元/平米/月,暂无信息,暂无信息,9栋,397户
碧桂园・阅江府,(汉台区汉台区)滨江西路碧桂园・阅江府,当前网页找不到元素（价格）,塔板结合,1.5至1.6元/平米/月,暂无信息,碧桂园,16栋,1786户
恒大帝景,(汉台区汉台区)恒业路恒大帝景,当前网页找不到元素（价格）,板楼/塔板结合,1.5元/平米/月,金碧物业,恒大集团,19栋,1411户
吾悦公馆,(汉台区汉台区)西新街旁,当前网页找不到元素（价格）,板楼/塔板结合,1.5元/平米/月,南京翠庭物业,西安新城万博房地产开发有限公司,37栋,2727户
首席壹号,(汉台区汉台区)南一环路首席壹号,当前网页找不到元素（价格）,板楼,3元/平米/月,暂无信息,暂无信息,6栋,192户
将坛中路31号,(汉台区汉台区)汉中市汉台区中山街道办事处将坛路居委会将坛路北侧挂匾巷东侧将坛中路31号1号楼1层0102室,当前网页找不到元素（价格）,板楼,0.4元/平米/月,暂无信息,暂无信息,1栋,1户
新天汉汉中院子,(汉台区汉台区)兴元路新天汉汉中院子,当前网页找不到元素（价格）,未知类型,暂无信息,暂无信息,暂无信息,1栋,1户
裕欣名苑,(汉台区汉台区)翠屏路裕欣名苑,当前网页找不到元素（价格）,板楼,3元/平米/月,暂无信息,暂无信息,4栋,4户
